product,rating,rating count,price,product url
"Zep All Purpose Surface Disinfectant - 1 Gallon (Case of 4) ZUAPBD128 - Virucidal, Fungicidal, Mildewstat, Kills 99.9 Percent of Germs in 60 Seconds  ",4.7 out of 5 stars,47  ,49.99,https://amazon.com/gp/slredirect/picassoRedirect.html/ref=pa_sp_atf_aps_sr_pg1_1?ie=UTF8&adId=A0451267HCPHL93JTG32&url=%2FZep-Purpose-Surface-Disinfectant-ZUAPBD128%2Fdp%2FB08J4D7366%2Fref%3Dsr_1_1_sspa%3Fkeywords%3Dzep%26qid%3D1665280500%26qu%3DeyJxc2MiOiI1LjcxIiwicXNhIjoiNS41MSIsInFzcCI6IjUuNjcifQ%253D%253D%26sr%3D8-1-spons%26psc%3D1&qualifier=1665280500&id=7430561381861918&widgetName=sp_atf
Zep Spirit II Disinfectant and Sanitizing Towels - 80 Wipes (Case of 6) R53380 - EPA Registered Kills 99.9% of Germs  ,4.2 out of 5 stars,10  ,49.99,https://amazon.com/gp/slredirect/picassoRedirect.html/ref=pa_sp_atf_aps_sr_pg1_1?ie=UTF8&adId=A024445821QZGHHICS4WY&url=%2FZep-Disinfectant-Sanitizing-Container-Registered%2Fdp%2FB08QV4S3DH%2Fref%3Dsr_1_2_sspa%3Fkeywords%3Dzep%26qid%3D1665280500%26qu%3DeyJxc2MiOiI1LjcxIiwicXNhIjoiNS41MSIsInFzcCI6IjUuNjcifQ%253D%253D%26sr%3D8-2-spons%26psc%3D1%26smid%3DA5QOENN4ZUGJ1&qualifier=1665280500&id=7430561381861918&widgetName=sp_atf
Zep Grout Cleaner and Brightener - 32 ounce (Pack of 2) ZU104632 - Deep Cleaning Pro Formula  ,4.3 out of 5 stars,"4,506  ",26.99,https://amazon.com/Zep-Grout-Cleaner-Brightener-ZU104632/dp/B07PB6K5PZ/ref=sr_1_3_mod_primary_new?keywords=zep&qid=1665280500&qu=eyJxc2MiOiI1LjcxIiwicXNhIjoiNS41MSIsInFzcCI6IjUuNjcifQ%3D%3D&sbo=RZvfv%2F%2FHxDF%2BO5021pAnSA%3D%3D&sr=8-3
Zep Shower Tub and Tile Cleaner 32 Ounce ZUSTT32PF (Case of 2) - No Scrub Pro Formula Breaks up Tough Buildup on Contact  ,4.4 out of 5 stars,"2,167  ",18.99,https://amazon.com/Zep-Shower-Cleaner-Ounce-ZUSTT32PF/dp/B07PB7S5FT/ref=sr_1_4_mod_primary_new?keywords=zep&qid=1665280500&qu=eyJxc2MiOiI1LjcxIiwicXNhIjoiNS41MSIsInFzcCI6IjUuNjcifQ%3D%3D&sbo=RZvfv%2F%2FHxDF%2BO5021pAnSA%3D%3D&sr=8-4
ZEP ZUCIT32CA 32 Oz Degreaser Citrus Scent  ,4.5 out of 5 stars,4.5 out of 5 stars ,12.45,https://amazon.com/ZEP-ZUCIT32CA-Degreaser-Citrus-Scent/dp/B00D8OLMI4/ref=sr_1_5?keywords=zep&qid=1665280500&qu=eyJxc2MiOiI1LjcxIiwicXNhIjoiNS41MSIsInFzcCI6IjUuNjcifQ%3D%3D&sr=8-5
Zep Mold Stain and Mildew Stain Remover - 32 Ounce (Pack of 2) ZUMILDEW32 - Professional Strength No Scrub Formula  ,4.4 out of 5 stars,"1,971  ",21.99,https://amazon.com/Zep-Stain-Mildew-Remover-ZUMILDEW32/dp/B07P6TQCDM/ref=sr_1_6?keywords=zep&qid=1665280500&qu=eyJxc2MiOiI1LjcxIiwicXNhIjoiNS41MSIsInFzcCI6IjUuNjcifQ%3D%3D&sr=8-6
Zep Heavy-Duty Citrus Degreaser Refill - 128 Oz (1-Pack) ZUCIT128 - Professional Strength Cleaner and Degreaser  ,4.6 out of 5 stars,"1,236  ",12.98,https://amazon.com/Enforcer-ZUCIT128-128-Ounce-Heavy-Duty-Degreaser/dp/B001B1AIM2/ref=sr_1_7?keywords=zep&qid=1665280500&qu=eyJxc2MiOiI1LjcxIiwicXNhIjoiNS41MSIsInFzcCI6IjUuNjcifQ%3D%3D&sr=8-7
"Zep Wall Cleaning Wipes - 40 Count (Pack of 2) R42210 - Remove Stains From Walls From Crayons, Dirt, And Scuff Marks  ",4.2 out of 5 stars,"1,134  ",24.14,https://amazon.com/Zep-Wall-Cleaning-Wipes-Pack/dp/B07R4PFW74/ref=sr_1_8?keywords=zep&qid=1665280500&qu=eyJxc2MiOiI1LjcxIiwicXNhIjoiNS41MSIsInFzcCI6IjUuNjcifQ%3D%3D&sr=8-8
Zep Heavy-Duty Oven and Grill Cleaner ZUOVGR19 (2-Pack) Dissolves Grease on Contact  ,4.3 out of 5 stars,862  ,20.99,https://amazon.com/Zep-Heavy-Duty-Cleaner-ZUOVGR19-2-Pack/dp/B07PB7N7KZ/ref=sr_1_9?keywords=zep&qid=1665280500&qu=eyJxc2MiOiI1LjcxIiwicXNhIjoiNS41MSIsInFzcCI6IjUuNjcifQ%3D%3D&sr=8-9
"Zep Acidic Toilet Bowl Cleaner, 32 Ounce  ",4.6 out of 5 stars,"1,535  ",13.8,https://amazon.com/Acidic-Toilet-Cleaner-Ounce-2-Pack/dp/B01HYJX6NW/ref=sr_1_10?keywords=zep&qid=1665280500&qu=eyJxc2MiOiI1LjcxIiwicXNhIjoiNS41MSIsInFzcCI6IjUuNjcifQ%3D%3D&sr=8-10
"Zep Shower Tub and Tile Cleaner, clear, 32 Fl Oz (ZEP - ZUSTT32PF - 1/PACK)  ",4.2 out of 5 stars,"1,118  ",15.79,https://amazon.com/Zep-Shower-Tile-Cleaner-ZUSTT32PF/dp/B01LMOMWNA/ref=sr_1_11?keywords=zep&qid=1665280500&qu=eyJxc2MiOiI1LjcxIiwicXNhIjoiNS41MSIsInFzcCI6IjUuNjcifQ%3D%3D&sr=8-11
Zep Venture II Disinfectant Spray - 20 Ounce (Case of 12) 601 - EPA Approved Virucidal  ,3.8 out of 5 stars,38  ,69.99,https://amazon.com/gp/slredirect/picassoRedirect.html/ref=pa_sp_mtf_aps_sr_pg1_1?ie=UTF8&adId=A00362251A1981SHPGM49&url=%2FZep-Disinfectant-Virucide-Professional-Strength%2Fdp%2FB08CZYZ4TQ%2Fref%3Dsr_1_12_sspa%3Fkeywords%3Dzep%26qid%3D1665280500%26qu%3DeyJxc2MiOiI1LjcxIiwicXNhIjoiNS41MSIsInFzcCI6IjUuNjcifQ%253D%253D%26sr%3D8-12-spons%26psc%3D1&qualifier=1665280500&id=7430561381861918&widgetName=sp_mtf
Zep Neutral pH Floor Cleaner. 1 Gallon (Case of 4) - ZUNEUT128 - Concentrated Pro Trusted All-Purpose Floor Cleaner  ,4.7 out of 5 stars,840  ,40.23,https://amazon.com/ZEP-Neutral-Cleaner-Concentrate-ZUNEUT128/dp/B079RH4CTM/ref=sr_1_13?keywords=zep&qid=1665280500&qu=eyJxc2MiOiI1LjcxIiwicXNhIjoiNS41MSIsInFzcCI6IjUuNjcifQ%3D%3D&sr=8-13
"Zep Foaming Shower Tub and Tile Cleaner - 32 Ounce (Case of 2) ZUPFTT32 - No Scrub Formula, Breaks up Tough Buildup on Contact  ",4.3 out of 5 stars,"1,771  ",14.31,https://amazon.com/Zep-Foaming-Shower-Cleaner-ZUPFTT32/dp/B07P7YSC1W/ref=sr_1_14?keywords=zep&qid=1665280500&qu=eyJxc2MiOiI1LjcxIiwicXNhIjoiNS41MSIsInFzcCI6IjUuNjcifQ%3D%3D&sr=8-14
Zep ZUSSTL14 Stainless Steel Polish 14 ounce  ,4.5 out of 5 stars,"1,087  ",15.47,https://amazon.com/ZUSSTL14-Stainless-Steel-Polish-ounce/dp/B001B18YJG/ref=sr_1_15?keywords=zep&qid=1665280500&qu=eyJxc2MiOiI1LjcxIiwicXNhIjoiNS41MSIsInFzcCI6IjUuNjcifQ%3D%3D&sr=8-15
Zep Instant Carpet and Upholstery Spot and Stain Remover Aerosol (Pack of 2)  ,4.6 out of 5 stars,543  ,26.81,https://amazon.com/Zep-Instant-Upholstery-Remover-Formerly/dp/B07P7YQNZL/ref=sr_1_16?keywords=zep&qid=1665280500&qu=eyJxc2MiOiI1LjcxIiwicXNhIjoiNS41MSIsInFzcCI6IjUuNjcifQ%3D%3D&sr=8-16
"Lenicany 6Pack Pumice Stone for Toilet Cleaning Bowl Stick,Powerfully Cleans Hard Water Rings，Calcium Buildup & Stains, Suitable for Cleaning Toilet, Bathtubs, Kitchen Sink, Grill  ",4.7 out of 5 stars,"1,624  ",5.99,https://amazon.com/gp/slredirect/picassoRedirect.html/ref=pa_sp_mtf_aps_sr_pg1_1?ie=UTF8&adId=A01318323PVA09K1XRRW0&url=%2FLenicany-Cleaning-Powerfully-Rings%25EF%25BC%258CCalcium-Suitable%2Fdp%2FB09PC1W676%2Fref%3Dsr_1_17_sspa%3Fkeywords%3Dzep%26qid%3D1665280500%26qu%3DeyJxc2MiOiI1LjcxIiwicXNhIjoiNS41MSIsInFzcCI6IjUuNjcifQ%253D%253D%26sr%3D8-17-spons%26psc%3D1&qualifier=1665280500&id=7430561381861918&widgetName=sp_mtf
New! Zep Industrial Purple Laundry Oil and Grease Stain Lifter and Pre-Treater 16 Oz (Pack of 2) Great for Industrial Grease and Food Grease  ,4.5 out of 5 stars,324  ,24.99,https://amazon.com/Zep-Industrial-Purple-Laundry-Pre-Treater/dp/B07THBSNYB/ref=sr_1_18?keywords=zep&qid=1665280500&qu=eyJxc2MiOiI1LjcxIiwicXNhIjoiNS41MSIsInFzcCI6IjUuNjcifQ%3D%3D&sr=8-18
"Zep Mold & Mildew Stain Remover w/Bleach, Gallon, Each (ZPEZUMILDEW128E)  ",4.4 out of 5 stars,163  ,19.05,https://amazon.com/Mold-Stain-Mildew-Remover-Bottle/dp/B00QUBJG4O/ref=sr_1_19?keywords=zep&qid=1665280500&qu=eyJxc2MiOiI1LjcxIiwicXNhIjoiNS41MSIsInFzcCI6IjUuNjcifQ%3D%3D&sr=8-19
"ZAP IT! Bug Zapper Battery Powered (2xAA Included) Bug Zapper Racket, 3,500 Volt  ",4.3 out of 5 stars,"5,236  ",24.99,https://amazon.com/gp/slredirect/picassoRedirect.html/ref=pa_sp_btf_aps_sr_pg1_1?ie=UTF8&adId=A09111532W84WQ6RC7LEJ&url=%2FZAP-Bug-Zapper-Battery-Mosquito%2Fdp%2FB07KZQKWVP%2Fref%3Dsr_1_21_sspa%3Fkeywords%3Dzep%26qid%3D1665280500%26qu%3DeyJxc2MiOiI1LjcxIiwicXNhIjoiNS41MSIsInFzcCI6IjUuNjcifQ%253D%253D%26sr%3D8-21-spons%26psc%3D1&qualifier=1665280500&id=7430561381861918&widgetName=sp_btf
"Zep Orange Heavy-Duty Hand Cleaner and Degreaser 48 Ounces ZU099148, 48 oz  ",4.6 out of 5 stars,156  ,19.27,https://amazon.com/gp/slredirect/picassoRedirect.html/ref=pa_sp_btf_aps_sr_pg1_1?ie=UTF8&adId=A03319982IGNFUGRNARB9&url=%2FZEP-Heavy-Duty-Cleaner-Degreaser-ZU099148%2Fdp%2FB00CLVC414%2Fref%3Dsr_1_22_sspa%3Fkeywords%3Dzep%26qid%3D1665280500%26qu%3DeyJxc2MiOiI1LjcxIiwicXNhIjoiNS41MSIsInFzcCI6IjUuNjcifQ%253D%253D%26sr%3D8-22-spons%26psc%3D1%26smid%3DA3I07C5PD33KVE&qualifier=1665280500&id=7430561381861918&widgetName=sp_btf
Zep Spirit II Disinfectant and Sanitizing Towels - 80 Wipes (Case of 6) R53380 - EPA Registered Kills 99.9% of Germs  ,4.2 out of 5 stars,10  ,49.99,https://amazon.com/sspa/click?ie=UTF8&spc=MTo0MjI2NDA0MDMyNzE1MToxNjY1MjgwNTAzOnNwX2F0Zl9uZXh0OjIwMDA4MzY1NzU0MDY1MTo6MDo6&sp_csd=d2lkZ2V0TmFtZT1zcF9hdGZfbmV4dA&url=%2FZep-Disinfectant-Sanitizing-Container-Registered%2Fdp%2FB08QV4S3DH%2Fref%3Dsr_1_17_sspa%3Fkeywords%3Dzep%26qid%3D1665280503%26qu%3DeyJxc2MiOiI1LjcxIiwicXNhIjoiNS41MSIsInFzcCI6IjUuNjcifQ%253D%253D%26sr%3D8-17-spons%26psc%3D1%26smid%3DA5QOENN4ZUGJ1
"Zep All Purpose Surface Disinfectant - 1 Gallon (Case of 4) ZUAPBD128 - Virucidal, Fungicidal, Mildewstat, Kills 99.9 Percent of Germs in 60 Seconds  ",4.7 out of 5 stars,47  ,49.99,https://amazon.com/sspa/click?ie=UTF8&spc=MTo0MjI2NDA0MDMyNzE1MToxNjY1MjgwNTAzOnNwX2F0Zl9uZXh0OjIwMDA0NTY0NDgzMDE1MTo6MDo6&sp_csd=d2lkZ2V0TmFtZT1zcF9hdGZfbmV4dA&url=%2FZep-Purpose-Surface-Disinfectant-ZUAPBD128%2Fdp%2FB08J4D7366%2Fref%3Dsr_1_18_sspa%3Fkeywords%3Dzep%26qid%3D1665280503%26qu%3DeyJxc2MiOiI1LjcxIiwicXNhIjoiNS41MSIsInFzcCI6IjUuNjcifQ%253D%253D%26sr%3D8-18-spons%26psc%3D1
"Zep Fast 505 Cleaner and Degreaser - 32 Ounce (Case of 2) - ZU50532 - Great for Grills, Plastics, Metal, and More!  ",4.4 out of 5 stars,"1,052  ",12.99,https://amazon.com/Zep-Fast-Cleaner-Degreaser-ZU50532/dp/B07X3X1RQJ/ref=sr_1_19?keywords=zep&qid=1665280503&qu=eyJxc2MiOiI1LjcxIiwicXNhIjoiNS41MSIsInFzcCI6IjUuNjcifQ%3D%3D&sr=8-19
Zep Antibacterial Disinfectant Cleaner - 1 Gallon (Case of 2) ZUBAC128 - Kills 99.99% of Germs - 60 Second Kill Time  ,4.5 out of 5 stars,135  ,26.99,https://amazon.com/Zep-Antibacterial-Disinfectant-Cleaner-ZUBAC128/dp/B07LDWHF72/ref=sr_1_20?keywords=zep&qid=1665280503&qu=eyJxc2MiOiI1LjcxIiwicXNhIjoiNS41MSIsInFzcCI6IjUuNjcifQ%3D%3D&sr=8-20
Zep Streak-Free Glass Cleaner - 32 Ounces (Case of 2) ZU112032 - Pro Formula Clean  ,4.6 out of 5 stars,743  ,20.0,https://amazon.com/Streak-Free-Glass-Cleaner-Ounce-2-Pack/dp/B002ZZDQ0Y/ref=sr_1_22_mod_primary_new?keywords=zep&qid=1665280503&qu=eyJxc2MiOiI1LjcxIiwicXNhIjoiNS41MSIsInFzcCI6IjUuNjcifQ%3D%3D&sbo=RZvfv%2F%2FHxDF%2BO5021pAnSA%3D%3D&sr=8-22
Zep ZU505128 Fast 505 Cleaner and Degreaser 128 Ounces  ,4.5 out of 5 stars,211  ,9.88,https://amazon.com/ZU505128-Fast-Cleaner-Degreaser-Ounces/dp/B001B16ZYC/ref=sr_1_23?keywords=zep&qid=1665280503&qu=eyJxc2MiOiI1LjcxIiwicXNhIjoiNS41MSIsInFzcCI6IjUuNjcifQ%3D%3D&sr=8-23
"Zep Industrial Hardwood and Laminate Floor Cleaner - 1 Gallon (Pack of 4) ZUHLF128 - Removes Spots, Stains and Scuffs. Cleans and Restores Shine  ",4.7 out of 5 stars,191  ,36.41,https://amazon.com/Zep-Hardwood-Laminate-Cleaner-ZUHLF128/dp/B08YP43B94/ref=sr_1_24?keywords=zep&qid=1665280503&qu=eyJxc2MiOiI1LjcxIiwicXNhIjoiNS41MSIsInFzcCI6IjUuNjcifQ%3D%3D&sr=8-24
"Zep Smoke Odor Eliminator, 16 ounces ZUSOE16  ",4.4 out of 5 stars,"1,864  ",15.95,https://amazon.com/Zep-Smoke-Eliminator-ounces-ZUSOE16/dp/B00RH46PME/ref=sr_1_25?keywords=zep&qid=1665280503&qu=eyJxc2MiOiI1LjcxIiwicXNhIjoiNS41MSIsInFzcCI6IjUuNjcifQ%3D%3D&sr=8-25
"Zep Pet Stain and Odor Remover ZUPETODR (pack of 2) Formulated for Urine, Feces, Vomit and Odors  ",4.6 out of 5 stars,510  ,19.84,https://amazon.com/Zep-Stain-Odor-Remover-ZUPETODR/dp/B07S7S1K3J/ref=sr_1_26?keywords=zep&qid=1665280503&qu=eyJxc2MiOiI1LjcxIiwicXNhIjoiNS41MSIsInFzcCI6IjUuNjcifQ%3D%3D&sr=8-26
Zep Venture II Disinfectant Spray - 20 Ounce (Case of 12) 601 - EPA Approved Virucidal  ,3.8 out of 5 stars,38  ,69.99,https://amazon.com/sspa/click?ie=UTF8&spc=MTo0MjI2NDA0MDMyNzE1MToxNjY1MjgwNTAzOnNwX210ZjoyMDAwNDU2NDQ5NTAxNTE6OjA6Og&sp_csd=d2lkZ2V0TmFtZT1zcF9tdGY&url=%2FZep-Disinfectant-Virucide-Professional-Strength%2Fdp%2FB08CZYZ4TQ%2Fref%3Dsr_1_27_sspa%3Fkeywords%3Dzep%26qid%3D1665280503%26qu%3DeyJxc2MiOiI1LjcxIiwicXNhIjoiNS41MSIsInFzcCI6IjUuNjcifQ%253D%253D%26sr%3D8-27-spons%26psc%3D1
Zep Industrial Purple Cleaner and Degreaser Concentrate - 5 Gallon (Case of 1) R45815- Easy to Rinse Formula  ,4.6 out of 5 stars,221  ,52.99,https://amazon.com/ZEP-Gallon-Industrial-Cleaner-Degreaser/dp/B0013WOAYQ/ref=sr_1_29?keywords=zep&qid=1665280503&qu=eyJxc2MiOiI1LjcxIiwicXNhIjoiNS41MSIsInFzcCI6IjUuNjcifQ%3D%3D&sr=8-29
Zep Wet-Look Floor Polish - 1 Gallon (Pack of 2) ZUWLFF1282 - Long Lasting Shine  ,4.7 out of 5 stars,175  ,44.99,https://amazon.com/Zep-Wet-Look-Polish-ounces-ECZUWLFF1282/dp/B07M93Q3QY/ref=sr_1_30?keywords=zep&qid=1665280503&qu=eyJxc2MiOiI1LjcxIiwicXNhIjoiNS41MSIsInFzcCI6IjUuNjcifQ%3D%3D&sr=8-30
"Zep Air and Fabric Odor Eliminator - 32 Oz (Pack of 4) ZUAIR324 - Refresh Your Home, Office and Business  ",4.8 out of 5 stars,319  ,21.49,https://amazon.com/ZEP-Fabric-Eliminator-Ounce-ZUAIR32/dp/B079ZGX13S/ref=sr_1_31?keywords=zep&qid=1665280503&qu=eyJxc2MiOiI1LjcxIiwicXNhIjoiNS41MSIsInFzcCI6IjUuNjcifQ%3D%3D&sr=8-31
Zep Smoke Odor Eliminator Aerosol - 16 Ounce (Pack of 2) ZUSOE16 - Eliminate Cannabis (Marijuana) and Tobacco Odors  ,4.5 out of 5 stars,"4,739  ",24.5,https://amazon.com/Zep-Smoke-Eliminator-Aerosol-ECZUSOE162/dp/B07M8YGHDQ/ref=sr_1_32?keywords=zep&qid=1665280503&qu=eyJxc2MiOiI1LjcxIiwicXNhIjoiNS41MSIsInFzcCI6IjUuNjcifQ%3D%3D&sr=8-32
Zep Stainless Steel Cleaner and Polish (Pack of 3) ZUSSTL14 - Erase smudge marks!  ,4.7 out of 5 stars,639  ,20.88,https://amazon.com/Zep-Stainless-Steel-Cleaner-Polish/dp/B07M95N6T6/ref=sr_1_33?keywords=zep&qid=1665280503&qu=eyJxc2MiOiI1LjcxIiwicXNhIjoiNS41MSIsInFzcCI6IjUuNjcifQ%3D%3D&sr=8-33
Zep Quick Clean Disinfectant 32 oz. Case of 4 Kills 99.9% of Bacteria in 5 Seconds (ZUQCD324)  ,4.6 out of 5 stars,316  ,16.99,https://amazon.com/ZEP-Quick-Disinfectant-Ounces-ZUQCD32/dp/B079ZXKZ92/ref=sr_1_34?keywords=zep&qid=1665280503&qu=eyJxc2MiOiI1LjcxIiwicXNhIjoiNS41MSIsInFzcCI6IjUuNjcifQ%3D%3D&sr=8-34
"Zep Air and Fabric Odor Eliminator - 32 Ounces (Pack of 2) ZUAIR32 - Refresh Your Home, Office and Business  ",4.6 out of 5 stars,"1,652  ",21.0,https://amazon.com/Zep-Fabric-Odor-Eliminator-Ounce/dp/B07M59CCR2/ref=sr_1_35?keywords=zep&qid=1665280503&qu=eyJxc2MiOiI1LjcxIiwicXNhIjoiNS41MSIsInFzcCI6IjUuNjcifQ%3D%3D&sr=8-35
"ZAP IT! Bug Zapper Battery Powered (2xAA Included) Bug Zapper Racket, 3,500 Volt  ",4.3 out of 5 stars,"5,236  ",24.99,https://amazon.com/sspa/click?ie=UTF8&spc=MTo0MjI2NDA0MDMyNzE1MToxNjY1MjgwNTAzOnNwX2J0ZjoyMDAwODkzNDQwMjU2OTg6OjA6Og&sp_csd=d2lkZ2V0TmFtZT1zcF9idGY&url=%2FZAP-Bug-Zapper-Battery-Mosquito%2Fdp%2FB07KZQKWVP%2Fref%3Dsr_1_37_sspa%3Fkeywords%3Dzep%26qid%3D1665280503%26qu%3DeyJxc2MiOiI1LjcxIiwicXNhIjoiNS41MSIsInFzcCI6IjUuNjcifQ%253D%253D%26sr%3D8-37-spons%26psc%3D1
"Zep Orange Heavy-Duty Hand Cleaner and Degreaser 48 Ounces ZU099148, 48 oz  ",4.6 out of 5 stars,156  ,19.27,https://amazon.com/sspa/click?ie=UTF8&spc=MTo0MjI2NDA0MDMyNzE1MToxNjY1MjgwNTAzOnNwX2J0ZjoyMDAwNDI1MjIxMTY1ODE6OjA6Og&sp_csd=d2lkZ2V0TmFtZT1zcF9idGY&url=%2FZEP-Heavy-Duty-Cleaner-Degreaser-ZU099148%2Fdp%2FB00CLVC414%2Fref%3Dsr_1_38_sspa%3Fkeywords%3Dzep%26qid%3D1665280503%26qu%3DeyJxc2MiOiI1LjcxIiwicXNhIjoiNS41MSIsInFzcCI6IjUuNjcifQ%253D%253D%26sr%3D8-38-spons%26psc%3D1%26smid%3DA3I07C5PD33KVE
Zep Spirit II Disinfectant and Sanitizing Towels - 80 Wipes (Case of 6) R53380 - EPA Registered Kills 99.9% of Germs  ,4.2 out of 5 stars,10  ,49.99,https://amazon.com/gp/slredirect/picassoRedirect.html/ref=pa_sp_atf_next_aps_sr_pg3_1?ie=UTF8&adId=A024445821QZGHHICS4WY&url=%2FZep-Disinfectant-Sanitizing-Container-Registered%2Fdp%2FB08QV4S3DH%2Fref%3Dsr_1_33_sspa%3Fkeywords%3Dzep%26qid%3D1665280505%26qu%3DeyJxc2MiOiI1LjcxIiwicXNhIjoiNS41MSIsInFzcCI6IjUuNjcifQ%253D%253D%26sr%3D8-33-spons%26psc%3D1%26smid%3DA5QOENN4ZUGJ1&qualifier=1665280505&id=6690971611010235&widgetName=sp_atf_next
"Zep All Purpose Surface Disinfectant - 1 Gallon (Case of 4) ZUAPBD128 - Virucidal, Fungicidal, Mildewstat, Kills 99.9 Percent of Germs in 60 Seconds  ",4.7 out of 5 stars,47  ,49.99,https://amazon.com/gp/slredirect/picassoRedirect.html/ref=pa_sp_atf_next_aps_sr_pg3_1?ie=UTF8&adId=A0451267HCPHL93JTG32&url=%2FZep-Purpose-Surface-Disinfectant-ZUAPBD128%2Fdp%2FB08J4D7366%2Fref%3Dsr_1_34_sspa%3Fkeywords%3Dzep%26qid%3D1665280505%26qu%3DeyJxc2MiOiI1LjcxIiwicXNhIjoiNS41MSIsInFzcCI6IjUuNjcifQ%253D%253D%26sr%3D8-34-spons%26psc%3D1&qualifier=1665280505&id=6690971611010235&widgetName=sp_atf_next
Zep Cherry Bomb Hand Cleaner 1 Gal - Refill Only - Pump not Included (4)  ,4.7 out of 5 stars,331  ,112.99,https://amazon.com/Zep-Cherry-Cleaner-95124-Ounce/dp/B07XPGRTR3/ref=sr_1_35?keywords=zep&qid=1665280505&qu=eyJxc2MiOiI1LjcxIiwicXNhIjoiNS41MSIsInFzcCI6IjUuNjcifQ%3D%3D&sr=8-35
Zep Stainless Steel Cleaner and Polish (Pack of 3) ZUSSTL14 - Erase smudge marks!  ,4.7 out of 5 stars,639  ,20.88,https://amazon.com/Zep-Stainless-Steel-Cleaner-Polish/dp/B07M95N6T6/ref=sr_1_36?keywords=zep&qid=1665280505&qu=eyJxc2MiOiI1LjcxIiwicXNhIjoiNS41MSIsInFzcCI6IjUuNjcifQ%3D%3D&sr=8-36
Zep Quick Clean Disinfectant 32 oz. Case of 4 Kills 99.9% of Bacteria in 5 Seconds (ZUQCD324)  ,4.6 out of 5 stars,316  ,16.99,https://amazon.com/ZEP-Quick-Disinfectant-Ounces-ZUQCD32/dp/B079ZXKZ92/ref=sr_1_37?keywords=zep&qid=1665280505&qu=eyJxc2MiOiI1LjcxIiwicXNhIjoiNS41MSIsInFzcCI6IjUuNjcifQ%3D%3D&sr=8-37
Zep Leather Cleaner and Conditioner 24 ounce ZUCLC24  ,4.7 out of 5 stars,241  ,14.86,https://amazon.com/Zep-Leather-Cleaner-Conditioner-ZUCLC24/dp/B00QUAV9O0/ref=sr_1_38?keywords=zep&qid=1665280505&qu=eyJxc2MiOiI1LjcxIiwicXNhIjoiNS41MSIsInFzcCI6IjUuNjcifQ%3D%3D&sr=8-38
"Zep Air and Fabric Odor Eliminator 128 Ounce (Case of 4) ZUAIR128 - Refresh Your Home, Office and Business  ",4.8 out of 5 stars,244  ,42.99,https://amazon.com/ZEP-Fabric-Eliminator-Ounce-ZUAIR128/dp/B079ZTP55X/ref=sr_1_39?keywords=zep&qid=1665280505&qu=eyJxc2MiOiI1LjcxIiwicXNhIjoiNS41MSIsInFzcCI6IjUuNjcifQ%3D%3D&sr=8-39
"Zep Industrial Multi-Surface Floor Cleaner - 1 Gallon, (Case of 4) ZUMSF128 - All-Purpose Floor Cleaner (Spray Mop Refill)  ",4.6 out of 5 stars,146  ,39.99,https://amazon.com/Zep-Multi-Surface-Floor-Cleaner-ZUMSF128/dp/B07HN9X64L/ref=sr_1_40?keywords=zep&qid=1665280505&qu=eyJxc2MiOiI1LjcxIiwicXNhIjoiNS41MSIsInFzcCI6IjUuNjcifQ%3D%3D&sr=8-40
"100 Pack Magic Sponge Eraser Extra Thick and Long Lasting Melamine Cleaning Sponges in Bulk - Multi Surface Power Scrubber Foam Cleaning Pads - Bathtub, Floor, Baseboard, Bathroom, Wall Cleaner  ",4.3 out of 5 stars,"4,634  ",28.99,https://amazon.com/Sponge-Lasting-Melamine-Cleaning-Sponges/dp/B08P4K7ZGP/ref=sr_1_41?keywords=zep&qid=1665280505&qu=eyJxc2MiOiI1LjcxIiwicXNhIjoiNS41MSIsInFzcCI6IjUuNjcifQ%3D%3D&sr=8-41
Zep Premium Carpet Shampoo 128 ounce ZUPXC128 (Case of 4) Concentrated Formula  ,4.8 out of 5 stars,139  ,49.99,https://amazon.com/Zep-Premium-Carpet-Shampoo-ZUPXC128/dp/B07LDX1H81/ref=sr_1_42?keywords=zep&qid=1665280505&qu=eyJxc2MiOiI1LjcxIiwicXNhIjoiNS41MSIsInFzcCI6IjUuNjcifQ%3D%3D&sr=8-42
Zep Venture II Disinfectant Spray - 20 Ounce (Case of 12) 601 - EPA Approved Virucidal  ,3.8 out of 5 stars,38  ,69.99,https://amazon.com/gp/slredirect/picassoRedirect.html/ref=pa_sp_mtf_aps_sr_pg3_1?ie=UTF8&adId=A00362251A1981SHPGM49&url=%2FZep-Disinfectant-Virucide-Professional-Strength%2Fdp%2FB08CZYZ4TQ%2Fref%3Dsr_1_43_sspa%3Fkeywords%3Dzep%26qid%3D1665280505%26qu%3DeyJxc2MiOiI1LjcxIiwicXNhIjoiNS41MSIsInFzcCI6IjUuNjcifQ%253D%253D%26sr%3D8-43-spons%26psc%3D1&qualifier=1665280505&id=6690971611010235&widgetName=sp_mtf
"Zep Commercial 1046423 Acidic Toilet Bowl Cleaner, 32 oz Bottle  ",4.4 out of 5 stars,630  ,21.44,https://amazon.com/Zep-Commercial-1046423-Acidic-Cleaner/dp/B01NARGO2N/ref=sr_1_45?keywords=zep&qid=1665280505&qu=eyJxc2MiOiI1LjcxIiwicXNhIjoiNS41MSIsInFzcCI6IjUuNjcifQ%3D%3D&sr=8-45
"Vacplus Automatic Toilet Bowl Cleaner Tablets, Bathroom Toilet Tank Cleaner (20 PACK)  ",4.3 out of 5 stars,"5,320  ",16.99,https://amazon.com/Vacplus-Automatic-Cleaner-Bathroom-Long-Lasting/dp/B08539S62Q/ref=sr_1_47?keywords=zep&qid=1665280505&qu=eyJxc2MiOiI1LjcxIiwicXNhIjoiNS41MSIsInFzcCI6IjUuNjcifQ%3D%3D&sr=8-47
"Zep - ZUFSLR128 Stain Resistant Floor Sealer, 1 gal Bottle  ",4.5 out of 5 stars,477  ,16.98,https://amazon.com/Zep-Commercial-1044994-Resistant-Sealer/dp/B005SSGT7C/ref=sr_1_48?keywords=zep&qid=1665280505&qu=eyJxc2MiOiI1LjcxIiwicXNhIjoiNS41MSIsInFzcCI6IjUuNjcifQ%3D%3D&sr=8-48
Zep Septic Defense System Treatment Dissolvable Packs - (2 Pack) 1 Year Supply - ZSTP6 - Safe for Pipes and All Septic Tanks  ,4.8 out of 5 stars,194  ,24.99,https://amazon.com/Zep-Septic-Defense-System-Treatment/dp/B07THG45ZY/ref=sr_1_49?keywords=zep&qid=1665280505&qu=eyJxc2MiOiI1LjcxIiwicXNhIjoiNS41MSIsInFzcCI6IjUuNjcifQ%3D%3D&sr=8-49
Zep High Traffic Carpet Cleaner - 32 Ounces (Case of 2) ZUHTC32 - Penetrating Formula Removes Deep Stains. Make High-Traffic Areas Look New Again  ,4.6 out of 5 stars,269  ,23.49,https://amazon.com/Zep-Traffic-Carpet-Cleaner-Ounce/dp/B07NLFN18W/ref=sr_1_50?keywords=zep&qid=1665280505&qu=eyJxc2MiOiI1LjcxIiwicXNhIjoiNS41MSIsInFzcCI6IjUuNjcifQ%3D%3D&sr=8-50
Zep Heavy-Duty TKO Hand Cleaner - 1 Gallon (Case of 4) 1049524 - Pump included - The GO-TO Industrial Hand Cleaner For Pros  ,4.8 out of 5 stars,224  ,149.99,https://amazon.com/Zep-Heavy-Duty-Cleaner-R54824-Included/dp/B07XJ7YZHZ/ref=sr_1_51?keywords=zep&qid=1665280505&qu=eyJxc2MiOiI1LjcxIiwicXNhIjoiNS41MSIsInFzcCI6IjUuNjcifQ%3D%3D&sr=8-51
"2 Pack Toilet Cleaner Hard Water Build up Remover with Ergonomic Handle, Toilet Bowl Stain Ring Remover, Pumice Stone Toilet Cleaner Tool Stain Hard Water Ring Remover for Toilet, Pool, Bathroom, Sink  ",4.6 out of 5 stars,"2,036  ",8.99,https://amazon.com/Toilet-Cleaner-Remover-Ergonomic-Bathroom/dp/B08CRGFKHN/ref=sr_1_52?keywords=zep&qid=1665280505&qu=eyJxc2MiOiI1LjcxIiwicXNhIjoiNS41MSIsInFzcCI6IjUuNjcifQ%3D%3D&sr=8-52
"Zep Orange Heavy-Duty Hand Cleaner and Degreaser 48 Ounces ZU099148, 48 oz  ",4.6 out of 5 stars,156  ,19.27,https://amazon.com/gp/slredirect/picassoRedirect.html/ref=pa_sp_btf_aps_sr_pg3_1?ie=UTF8&adId=A03319982IGNFUGRNARB9&url=%2FZEP-Heavy-Duty-Cleaner-Degreaser-ZU099148%2Fdp%2FB00CLVC414%2Fref%3Dsr_1_53_sspa%3Fkeywords%3Dzep%26qid%3D1665280505%26qu%3DeyJxc2MiOiI1LjcxIiwicXNhIjoiNS41MSIsInFzcCI6IjUuNjcifQ%253D%253D%26sr%3D8-53-spons%26psc%3D1%26smid%3DA3I07C5PD33KVE&qualifier=1665280505&id=6690971611010235&widgetName=sp_btf
"ZAP IT! Bug Zapper Battery Powered (2xAA Included) Bug Zapper Racket, 3,500 Volt  ",4.3 out of 5 stars,"5,236  ",24.99,https://amazon.com/gp/slredirect/picassoRedirect.html/ref=pa_sp_btf_aps_sr_pg3_1?ie=UTF8&adId=A09111532W84WQ6RC7LEJ&url=%2FZAP-Bug-Zapper-Battery-Mosquito%2Fdp%2FB07KZQKWVP%2Fref%3Dsr_1_54_sspa%3Fkeywords%3Dzep%26qid%3D1665280505%26qu%3DeyJxc2MiOiI1LjcxIiwicXNhIjoiNS41MSIsInFzcCI6IjUuNjcifQ%253D%253D%26sr%3D8-54-spons%26psc%3D1&qualifier=1665280505&id=6690971611010235&widgetName=sp_btf
Zep Spirit II Disinfectant and Sanitizing Towels - 80 Wipes (Case of 6) R53380 - EPA Registered Kills 99.9% of Germs  ,4.2 out of 5 stars,10  ,49.99,https://amazon.com/sspa/click?ie=UTF8&spc=MTo4Mzg2Mzg3ODIxMjY3MDcyOjE2NjUyODA1MDg6c3BfYXRmX25leHQ6MjAwMDgzNjU3NTQwNjUxOjowOjo&sp_csd=d2lkZ2V0TmFtZT1zcF9hdGZfbmV4dA&url=%2FZep-Disinfectant-Sanitizing-Container-Registered%2Fdp%2FB08QV4S3DH%2Fref%3Dsr_1_49_sspa%3Fkeywords%3Dzep%26qid%3D1665280508%26qu%3DeyJxc2MiOiI1LjcxIiwicXNhIjoiNS41MSIsInFzcCI6IjUuNjcifQ%253D%253D%26sr%3D8-49-spons%26psc%3D1%26smid%3DA5QOENN4ZUGJ1
"EVERSPROUT 1.5-to-3 Foot Swivel Squeegee and Microfiber Window Scrubber (8-10 Ft Standing Reach) | 2-in-1 Window & Glass Cleaning Combo | Lightweight, Aluminum Extension Pole | Includes 10-inch Blades  ",4.4 out of 5 stars,"2,410  ",27.99,https://amazon.com/sspa/click?ie=UTF8&spc=MTo4Mzg2Mzg3ODIxMjY3MDcyOjE2NjUyODA1MDg6c3BfYXRmX25leHQ6MjAwMDM1NDY3MDE0Mzk4OjowOjo&sp_csd=d2lkZ2V0TmFtZT1zcF9hdGZfbmV4dA&url=%2FEVERSPROUT-Squeegee-Microfiber-Lightweight-Extension%2Fdp%2FB07WNXYTDW%2Fref%3Dsr_1_50_sspa%3Fkeywords%3Dzep%26qid%3D1665280508%26qu%3DeyJxc2MiOiI1LjcxIiwicXNhIjoiNS41MSIsInFzcCI6IjUuNjcifQ%253D%253D%26sr%3D8-50-spons%26psc%3D1
Zep Septic Defense System Treatment Dissolvable Packs - (2 Pack) 1 Year Supply - ZSTP6 - Safe for Pipes and All Septic Tanks  ,4.8 out of 5 stars,194  ,24.99,https://amazon.com/Zep-Septic-Defense-System-Treatment/dp/B07THG45ZY/ref=sr_1_51?keywords=zep&qid=1665280508&qu=eyJxc2MiOiI1LjcxIiwicXNhIjoiNS41MSIsInFzcCI6IjUuNjcifQ%3D%3D&sr=8-51
"Zep Commercial 1041692 Hardwood and Laminate Cleaner, 1 gal Bottle  ",4.5 out of 5 stars,102  ,20.0,https://amazon.com/Hardwood-Laminate-Floor-Cleaner-Gallon/dp/B01N5R2X8J/ref=sr_1_52?keywords=zep&qid=1665280508&qu=eyJxc2MiOiI1LjcxIiwicXNhIjoiNS41MSIsInFzcCI6IjUuNjcifQ%3D%3D&sr=8-52
"Zep 10 Minute Drain Opener Gel 64 Ounce (Case of 1) ZHCR64NG - Commercial Strength, Fast Acting and Safe For All Pipes  ",4.1 out of 5 stars,160  ,19.83,https://amazon.com/Zep-Minute-Drain-Opener-ZHCR64NG/dp/B07KN54K9P/ref=sr_1_53?keywords=zep&qid=1665280508&qu=eyJxc2MiOiI1LjcxIiwicXNhIjoiNS41MSIsInFzcCI6IjUuNjcifQ%3D%3D&sr=8-53
Zep All-Purpose Cleaner and Degreaser 32 Ounce ZUALL32 (Case of 12) Cleans Almost Any Surface  ,4.6 out of 5 stars,72  ,39.99,https://amazon.com/Zep-All-Purpose-Cleaner-Degreaser-Ounce/dp/B07VB9Z7JS/ref=sr_1_54?keywords=zep&qid=1665280508&qu=eyJxc2MiOiI1LjcxIiwicXNhIjoiNS41MSIsInFzcCI6IjUuNjcifQ%3D%3D&sr=8-54
Zep Hose-End Outdoor Cleaner - 32 Ounces (Case of 2) U49910 - Great for Outdoor Glass and Surfaces  ,4.1 out of 5 stars,"1,656  ",27.49,https://amazon.com/Zep-Outdoor-Cleaner-Attachment-U49910/dp/B07P5WHJNJ/ref=sr_1_55?keywords=zep&qid=1665280508&qu=eyJxc2MiOiI1LjcxIiwicXNhIjoiNS41MSIsInFzcCI6IjUuNjcifQ%3D%3D&sr=8-55
Zep ZUHTC128 High Traffic Carpet Cleaner  ,4.5 out of 5 stars,"1,363  ",22.0,https://amazon.com/Zep-ZUHTC128-Traffic-Carpet-Cleaner/dp/B001B197II/ref=sr_1_56?keywords=zep&qid=1665280508&qu=eyJxc2MiOiI1LjcxIiwicXNhIjoiNS41MSIsInFzcCI6IjUuNjcifQ%3D%3D&sr=8-56
Zep Heavy-Duty TKO Hand Cleaner - 1 Gallon (Case of 4) 1049524 - Pump included - The GO-TO Industrial Hand Cleaner For Pros  ,4.8 out of 5 stars,224  ,149.99,https://amazon.com/Zep-Heavy-Duty-Cleaner-R54824-Included/dp/B07XJ7YZHZ/ref=sr_1_57?keywords=zep&qid=1665280508&qu=eyJxc2MiOiI1LjcxIiwicXNhIjoiNS41MSIsInFzcCI6IjUuNjcifQ%3D%3D&sr=8-57
"Zep All Purpose Surface Disinfectant - 1 Gallon (Case of 4) ZUAPBD128 - Virucidal, Fungicidal, Mildewstat, Kills 99.9 Percent of Germs in 60 Seconds  ",4.7 out of 5 stars,47  ,49.99,https://amazon.com/sspa/click?ie=UTF8&spc=MTo4Mzg2Mzg3ODIxMjY3MDcyOjE2NjUyODA1MDg6c3BfbXRmOjIwMDA0NTY0NDgzMDE1MTo6MDo6&sp_csd=d2lkZ2V0TmFtZT1zcF9tdGY&url=%2FZep-Purpose-Surface-Disinfectant-ZUAPBD128%2Fdp%2FB08J4D7366%2Fref%3Dsr_1_59_sspa%3Fkeywords%3Dzep%26qid%3D1665280508%26qu%3DeyJxc2MiOiI1LjcxIiwicXNhIjoiNS41MSIsInFzcCI6IjUuNjcifQ%253D%253D%26sr%3D8-59-spons%26psc%3D1
Zep Venture II Disinfectant Spray - 20 Ounce (Case of 12) 601 - EPA Approved Virucidal  ,3.8 out of 5 stars,38  ,69.99,https://amazon.com/sspa/click?ie=UTF8&spc=MTo4Mzg2Mzg3ODIxMjY3MDcyOjE2NjUyODA1MDg6c3BfbXRmOjIwMDA0NTY0NDk1MDE1MTo6MDo6&sp_csd=d2lkZ2V0TmFtZT1zcF9tdGY&url=%2FZep-Disinfectant-Virucide-Professional-Strength%2Fdp%2FB08CZYZ4TQ%2Fref%3Dsr_1_60_sspa%3Fkeywords%3Dzep%26qid%3D1665280508%26qu%3DeyJxc2MiOiI1LjcxIiwicXNhIjoiNS41MSIsInFzcCI6IjUuNjcifQ%253D%253D%26sr%3D8-60-spons%26psc%3D1
"Zep Heavy-Duty Foaming Oven and Stove Cleaner 19 Oz Aerosol 27101 (Case of 12) Commercial Strength, Clings to sides, hoods, and racks  ",3.8 out of 5 stars,9  ,79.99,https://amazon.com/Zep-Heavy-Duty-Foaming-Commercial-Strength/dp/B07YF39RPM/ref=sr_1_61?keywords=zep&qid=1665280508&qu=eyJxc2MiOiI1LjcxIiwicXNhIjoiNS41MSIsInFzcCI6IjUuNjcifQ%3D%3D&sr=8-61
Garbage Disposal Cleaner and Deodorizer Drops- [[50-Count]] Lemon Zest Scented Kitchen Sink Freshener Pods & Drain Odor Eliminator Disposer Care Balls by Bastion  ,4.4 out of 5 stars,"3,996  ",16.95,https://amazon.com/Disposal-Deodorizer-50-Count-Freshener-Eliminator/dp/B08R446XVT/ref=sr_1_64?keywords=zep&qid=1665280508&qu=eyJxc2MiOiI1LjcxIiwicXNhIjoiNS41MSIsInFzcCI6IjUuNjcifQ%3D%3D&sr=8-64
"Zep Professional Sprayer Bottle 32 ounces (case of 36) Up to 30 Foot Spray, Adjustable Nozzle  ",4.6 out of 5 stars,111  ,112.99,https://amazon.com/Professional-Sprayer-Bottle-Ounces-HDPRO36/dp/B07BKQ86PC/ref=sr_1_66?keywords=zep&qid=1665280508&qu=eyJxc2MiOiI1LjcxIiwicXNhIjoiNS41MSIsInFzcCI6IjUuNjcifQ%3D%3D&sr=8-66
TimeMist Zep Crisp+Clean Refill (2-Pack) 3 Ounces TMFB32PK  ,4.4 out of 5 stars,567  ,24.01,https://amazon.com/TimeMist-Refill-2-Pack-Ounces-TMFB32PK/dp/B00PP6P2JS/ref=sr_1_67?keywords=zep&qid=1665280508&qu=eyJxc2MiOiI1LjcxIiwicXNhIjoiNS41MSIsInFzcCI6IjUuNjcifQ%3D%3D&sr=8-67
Zep Commercial Smoke Odor Eliminator 16 Ounce - 2-Pack  ,4.4 out of 5 stars,"1,463  ",28.99,https://amazon.com/Zep-Commercial-Smoke-Eliminator-Ounce/dp/B01LYKO53M/ref=sr_1_68?keywords=zep&qid=1665280508&qu=eyJxc2MiOiI1LjcxIiwicXNhIjoiNS41MSIsInFzcCI6IjUuNjcifQ%3D%3D&sr=8-68
"Lenicany 6Pack Pumice Stone for Toilet Cleaning Bowl Stick,Powerfully Cleans Hard Water Rings，Calcium Buildup & Stains, Suitable for Cleaning Toilet, Bathtubs, Kitchen Sink, Grill  ",4.7 out of 5 stars,"1,624  ",5.99,https://amazon.com/sspa/click?ie=UTF8&spc=MTo4Mzg2Mzg3ODIxMjY3MDcyOjE2NjUyODA1MDg6c3BfYnRmOjIwMDAzNDQwODY4MjM5ODo6MDo6&sp_csd=d2lkZ2V0TmFtZT1zcF9idGY&url=%2FLenicany-Cleaning-Powerfully-Rings%25EF%25BC%258CCalcium-Suitable%2Fdp%2FB09PC1W676%2Fref%3Dsr_1_69_sspa%3Fkeywords%3Dzep%26qid%3D1665280508%26qu%3DeyJxc2MiOiI1LjcxIiwicXNhIjoiNS41MSIsInFzcCI6IjUuNjcifQ%253D%253D%26sr%3D8-69-spons%26psc%3D1
"Electric Spin Scrubber - Cordless Power Scrubber Cleaning Brush - Shower Scrubber for Cleaning Scrub Brush for Bathroom,Tub,Floor,Sink,Tile,Grout,Window,Kitchen Stove Cooker, Household Cleaning Tools  ",5.0 out of 5 stars,4  ,39.99,https://amazon.com/sspa/click?ie=UTF8&spc=MTo4Mzg2Mzg3ODIxMjY3MDcyOjE2NjUyODA1MDg6c3BfYnRmOjIwMDA5MDA1MTQyNzU5ODo6MDo6&sp_csd=d2lkZ2V0TmFtZT1zcF9idGY&url=%2FElectric-Spin-Scrubber-Cordless-Household%2Fdp%2FB0B9MW1NXZ%2Fref%3Dsr_1_70_sspa%3Fkeywords%3Dzep%26qid%3D1665280508%26qu%3DeyJxc2MiOiI1LjcxIiwicXNhIjoiNS41MSIsInFzcCI6IjUuNjcifQ%253D%253D%26sr%3D8-70-spons%26psc%3D1
Zep Spirit II Disinfectant and Sanitizing Towels - 80 Wipes (Case of 6) R53380 - EPA Registered Kills 99.9% of Germs  ,4.2 out of 5 stars,10  ,49.99,https://amazon.com/sspa/click?ie=UTF8&spc=MTo1NzUzOTI3MDkwNTEyOTI2OjE2NjUyODA1MTA6c3BfYXRmX25leHQ6MjAwMDgzNjU3NTQwNjUxOjowOjo&sp_csd=d2lkZ2V0TmFtZT1zcF9hdGZfbmV4dA&url=%2FZep-Disinfectant-Sanitizing-Container-Registered%2Fdp%2FB08QV4S3DH%2Fref%3Dsr_1_65_sspa%3Fkeywords%3Dzep%26qid%3D1665280510%26qu%3DeyJxc2MiOiI1LjcxIiwicXNhIjoiNS41MSIsInFzcCI6IjUuNjcifQ%253D%253D%26sr%3D8-65-spons%26psc%3D1%26smid%3DA5QOENN4ZUGJ1
"Zep All Purpose Surface Disinfectant - 1 Gallon (Case of 4) ZUAPBD128 - Virucidal, Fungicidal, Mildewstat, Kills 99.9 Percent of Germs in 60 Seconds  ",4.7 out of 5 stars,47  ,49.99,https://amazon.com/sspa/click?ie=UTF8&spc=MTo1NzUzOTI3MDkwNTEyOTI2OjE2NjUyODA1MTA6c3BfYXRmX25leHQ6MjAwMDQ1NjQ0ODMwMTUxOjowOjo&sp_csd=d2lkZ2V0TmFtZT1zcF9hdGZfbmV4dA&url=%2FZep-Purpose-Surface-Disinfectant-ZUAPBD128%2Fdp%2FB08J4D7366%2Fref%3Dsr_1_66_sspa%3Fkeywords%3Dzep%26qid%3D1665280510%26qu%3DeyJxc2MiOiI1LjcxIiwicXNhIjoiNS41MSIsInFzcCI6IjUuNjcifQ%253D%253D%26sr%3D8-66-spons%26psc%3D1
Zep Heavy-Duty Citrus Cleaner and Degreaser - 1 Gallon (Case of 2) ZUCIT128CA - Concentrated Pro Formula  ,4.3 out of 5 stars,140  ,39.99,https://amazon.com/Zep-Heavy-Duty-Degreaser-ZUCIT128-California/dp/B07TFBK1YG/ref=sr_1_68?keywords=zep&qid=1665280510&qu=eyJxc2MiOiI1LjcxIiwicXNhIjoiNS41MSIsInFzcCI6IjUuNjcifQ%3D%3D&sr=8-68
DISCONTINUED Zep High Traffic Carpet Cleaner 32 ounce ZUHTC (Case of 4)  ,5.0 out of 5 stars,4  ,33.49,https://amazon.com/Zep-Traffic-Carpet-Cleaner-Ounce/dp/B079ZLCHXL/ref=sr_1_69?keywords=zep&qid=1665280510&qu=eyJxc2MiOiI1LjcxIiwicXNhIjoiNS41MSIsInFzcCI6IjUuNjcifQ%3D%3D&sr=8-69
"Zep Streak-Free Glass Cleaner 32 oz ZU112032 , Blue  ",4.5 out of 5 stars,417  ,2.98,https://amazon.com/Zep-Streak-Free-Glass-Cleaner-ZU112032/dp/B001B150AM/ref=sr_1_70?keywords=zep&qid=1665280510&qu=eyJxc2MiOiI1LjcxIiwicXNhIjoiNS41MSIsInFzcCI6IjUuNjcifQ%3D%3D&sr=8-70
"Zep Commercial CLEANER,WOOD,LAM,32OZ  ",4.6 out of 5 stars,216  ,13.99,https://amazon.com/Zep-Commercial-CLEANER-WOOD-32OZ/dp/B07DQYT2ZY/ref=sr_1_71?keywords=zep&qid=1665280510&qu=eyJxc2MiOiI1LjcxIiwicXNhIjoiNS41MSIsInFzcCI6IjUuNjcifQ%3D%3D&sr=8-71
"Zep Industrial CLR Calcium, Lime and Rust Remover - 1 Gallon (Case of 4) ZUCAL128 - Professional Grade Formula  ",4.4 out of 5 stars,62  ,49.99,https://amazon.com/Zep-Calcium-Remover-ounce-ZUCAL/dp/B07STCQBPD/ref=sr_1_72?keywords=zep&qid=1665280510&qu=eyJxc2MiOiI1LjcxIiwicXNhIjoiNS41MSIsInFzcCI6IjUuNjcifQ%3D%3D&sr=8-72
"Zep Acidic Toilet Bowl Cleaner, 32 Oz, White, Wintergreen  ",4.6 out of 5 stars,770  ,4.98,https://amazon.com/Zep-ZUATBC32-Toilet-Cleaner-Deodorizer/dp/B08FD3P167/ref=sr_1_74?keywords=zep&qid=1665280510&qu=eyJxc2MiOiI1LjcxIiwicXNhIjoiNS41MSIsInFzcCI6IjUuNjcifQ%3D%3D&sr=8-74
Zep Venture II Disinfectant Spray - 20 Ounce (Case of 12) 601 - EPA Approved Virucidal  ,3.8 out of 5 stars,38  ,69.99,https://amazon.com/sspa/click?ie=UTF8&spc=MTo1NzUzOTI3MDkwNTEyOTI2OjE2NjUyODA1MTA6c3BfbXRmOjIwMDA0NTY0NDk1MDE1MTo6MDo6&sp_csd=d2lkZ2V0TmFtZT1zcF9tdGY&url=%2FZep-Disinfectant-Virucide-Professional-Strength%2Fdp%2FB08CZYZ4TQ%2Fref%3Dsr_1_75_sspa%3Fkeywords%3Dzep%26qid%3D1665280510%26qu%3DeyJxc2MiOiI1LjcxIiwicXNhIjoiNS41MSIsInFzcCI6IjUuNjcifQ%253D%253D%26sr%3D8-75-spons%26psc%3D1
"Zep Antibacterial Disinfectant Spray With Lemon - 32 Ounces (Case Of 12) ZUBAC32 - Disinfects, Cleans and Deodorizes Most Surfaces EPA Approved  ",4.2 out of 5 stars,24  ,59.99,https://amazon.com/Zep-Antibacterial-Disinfectant-Approved-SARS-COVID-2/dp/B08S4753G3/ref=sr_1_77?keywords=zep&qid=1665280510&qu=eyJxc2MiOiI1LjcxIiwicXNhIjoiNS41MSIsInFzcCI6IjUuNjcifQ%3D%3D&sr=8-77
ZPEZU1120128CT - Streak-Free Glass Cleaner  ,4.6 out of 5 stars,123  ,15.1,https://amazon.com/Zep-Commercial-ZU1120128-Streak-Free-Cleaner/dp/B01BBWU94W/ref=sr_1_78?keywords=zep&qid=1665280510&qu=eyJxc2MiOiI1LjcxIiwicXNhIjoiNS41MSIsInFzcCI6IjUuNjcifQ%3D%3D&sr=8-78
Zep PRO-TABS All Purpose Cleaner Dissolvable Tablets - 4 Tablets - ZUAPCTAB Just Add Water! Environmentally Friendly  ,4.9 out of 5 stars,23  ,6.99,https://amazon.com/Zep-PRO-TABS-Purpose-Cleaner-Dissolvable/dp/B0B46TBF5B/ref=sr_1_79?keywords=zep&qid=1665280510&qu=eyJxc2MiOiI1LjcxIiwicXNhIjoiNS41MSIsInFzcCI6IjUuNjcifQ%3D%3D&sr=8-79
ZPEHDPRO30 - Zep Professional Spray Bottle  ,4.5 out of 5 stars,125  ,11.96,https://amazon.com/ZPEHDPRO30-Zep-Professional-Spray-Bottle/dp/B002ZZ7AM4/ref=sr_1_80?keywords=zep&qid=1665280510&qu=eyJxc2MiOiI1LjcxIiwicXNhIjoiNS41MSIsInFzcCI6IjUuNjcifQ%3D%3D&sr=8-80
Zep ZUNEUT128 Gal Neutral Floor Cleaner  ,4.7 out of 5 stars,63  ,26.99,https://amazon.com/Zep-ZUNEUT128-Neutral-Cleaner-Limited/dp/B07NPZ6FL1/ref=sr_1_81?keywords=zep&qid=1665280510&qu=eyJxc2MiOiI1LjcxIiwicXNhIjoiNS41MSIsInFzcCI6IjUuNjcifQ%3D%3D&sr=8-81
"Commercial Foaming Glass Cleaner, 19 oz. Can, 4 Cans/Case  ",4.2 out of 5 stars,19  ,34.23,https://amazon.com/Zep-Commercial-Foaming-Cleaner-Pleasant/dp/B07QMB176S/ref=sr_1_82?keywords=zep&qid=1665280510&qu=eyJxc2MiOiI1LjcxIiwicXNhIjoiNS41MSIsInFzcCI6IjUuNjcifQ%3D%3D&sr=8-82
Zep Industrial Heavy-Duty Floor Stripper Concentrate - 1 Gallon (Case of 4) ZULFFS128 - Remove Stubborn Finishes and Heavy Buildup  ,4.5 out of 5 stars,133  ,39.92,https://amazon.com/Zep-Heavy-Duty-Floor-Stripper-ZULFFS128/dp/B07HCX5J15/ref=sr_1_83?keywords=zep&qid=1665280510&qu=eyJxc2MiOiI1LjcxIiwicXNhIjoiNS41MSIsInFzcCI6IjUuNjcifQ%3D%3D&sr=8-83
"Zep Advanced Oxy Carpet Cleaner 32 Ounce ZUOXSR32 (Pack of 2) Great for Upholstery, Carpet, & Laundry  ",4.7 out of 5 stars,318  ,23.65,https://amazon.com/Zep-Advanced-Carpet-Cleaner-ounce/dp/B07PB76T5V/ref=sr_1_84?keywords=zep&qid=1665280510&qu=eyJxc2MiOiI1LjcxIiwicXNhIjoiNS41MSIsInFzcCI6IjUuNjcifQ%3D%3D&sr=8-84
"Zep Orange Heavy-Duty Hand Cleaner and Degreaser 48 Ounces ZU099148, 48 oz  ",4.6 out of 5 stars,156  ,19.27,https://amazon.com/sspa/click?ie=UTF8&spc=MTo1NzUzOTI3MDkwNTEyOTI2OjE2NjUyODA1MTA6c3BfYnRmOjIwMDA0MjUyMjExNjU4MTo6MDo6&sp_csd=d2lkZ2V0TmFtZT1zcF9idGY&url=%2FZEP-Heavy-Duty-Cleaner-Degreaser-ZU099148%2Fdp%2FB00CLVC414%2Fref%3Dsr_1_85_sspa%3Fkeywords%3Dzep%26qid%3D1665280510%26qu%3DeyJxc2MiOiI1LjcxIiwicXNhIjoiNS41MSIsInFzcCI6IjUuNjcifQ%253D%253D%26sr%3D8-85-spons%26psc%3D1%26smid%3DA3I07C5PD33KVE
Zep Acclaim Industrial Antibacterial Hand Soap - 1 Gallon (Case of 4) 314925 - For Business and Home Use  ,4.6 out of 5 stars,88  ,99.99,https://amazon.com/sspa/click?ie=UTF8&spc=MTo1NzUzOTI3MDkwNTEyOTI2OjE2NjUyODA1MTA6c3BfYnRmOjIwMDA4MzY1ODM2MTE1MTo6MDo6&sp_csd=d2lkZ2V0TmFtZT1zcF9idGY&url=%2FZep-Acclaim-Antibacterial-Hand-Gallon%2Fdp%2FB08LM5W2PN%2Fref%3Dsr_1_86_sspa%3Fkeywords%3Dzep%26qid%3D1665280510%26qu%3DeyJxc2MiOiI1LjcxIiwicXNhIjoiNS41MSIsInFzcCI6IjUuNjcifQ%253D%253D%26sr%3D8-86-spons%26psc%3D1
Zep Spirit II Disinfectant and Sanitizing Towels - 80 Wipes (Case of 6) R53380 - EPA Registered Kills 99.9% of Germs  ,4.2 out of 5 stars,10  ,49.99,https://amazon.com/gp/slredirect/picassoRedirect.html/ref=pa_sp_atf_next_aps_sr_pg6_1?ie=UTF8&adId=A024445821QZGHHICS4WY&url=%2FZep-Disinfectant-Sanitizing-Container-Registered%2Fdp%2FB08QV4S3DH%2Fref%3Dsr_1_81_sspa%3Fkeywords%3Dzep%26qid%3D1665280513%26qu%3DeyJxc2MiOiI1LjcxIiwicXNhIjoiNS41MSIsInFzcCI6IjUuNjcifQ%253D%253D%26sr%3D8-81-spons%26psc%3D1%26smid%3DA5QOENN4ZUGJ1&qualifier=1665280513&id=4197035701589937&widgetName=sp_atf_next
"Zep All Purpose Surface Disinfectant - 1 Gallon (Case of 4) ZUAPBD128 - Virucidal, Fungicidal, Mildewstat, Kills 99.9 Percent of Germs in 60 Seconds  ",4.7 out of 5 stars,47  ,49.99,https://amazon.com/gp/slredirect/picassoRedirect.html/ref=pa_sp_atf_next_aps_sr_pg6_1?ie=UTF8&adId=A0451267HCPHL93JTG32&url=%2FZep-Purpose-Surface-Disinfectant-ZUAPBD128%2Fdp%2FB08J4D7366%2Fref%3Dsr_1_82_sspa%3Fkeywords%3Dzep%26qid%3D1665280513%26qu%3DeyJxc2MiOiI1LjcxIiwicXNhIjoiNS41MSIsInFzcCI6IjUuNjcifQ%253D%253D%26sr%3D8-82-spons%26psc%3D1&qualifier=1665280513&id=4197035701589937&widgetName=sp_atf_next
Zep 40 Non-Streaking Multi-Surface Cleaner Aerosol - 18 Ounces (Case of 12) 14401 - Heavy Duty Foaming Action  ,4.5 out of 5 stars,64  ,99.99,https://amazon.com/Zep014401-Non-streaking-Non-conductive-Surfaces-Sioux/dp/B018A1SCTG/ref=sr_1_84?keywords=zep&qid=1665280513&qu=eyJxc2MiOiI1LjcxIiwicXNhIjoiNS41MSIsInFzcCI6IjUuNjcifQ%3D%3D&sr=8-84
"Zep Orange Heavy-Duty Hand Cleaner and Degreaser 48 Ounces ZU099148, 48 oz  ",4.6 out of 5 stars,156  ,19.27,https://amazon.com/ZEP-Heavy-Duty-Cleaner-Degreaser-ZU099148/dp/B00CLVC414/ref=sr_1_85?keywords=zep&qid=1665280513&qu=eyJxc2MiOiI1LjcxIiwicXNhIjoiNS41MSIsInFzcCI6IjUuNjcifQ%3D%3D&sr=8-85
"Zep Odor Control Disinfectant Concentrate - 1 Gallon (Case of 2) ZUOCC128 - Multi-Surface Disinfectant, Odor Eliminator and Deodorizer Kills 99.9% of Germs  ",4.6 out of 5 stars,213  ,29.99,https://amazon.com/Zep-Control-Concentrate-Ounce-ZUOCC128/dp/B07V1ZJ3N2/ref=sr_1_87?keywords=zep&qid=1665280513&qu=eyJxc2MiOiI1LjcxIiwicXNhIjoiNS41MSIsInFzcCI6IjUuNjcifQ%3D%3D&sr=8-87
Zep No Rinse Floor Disinfectant - 1 Gallon (Case of 4) ZUNRS128 - Fights Dangerous Bacteria and Viruses  ,4.9 out of 5 stars,92  ,49.99,https://amazon.com/Zep-Rinse-Floor-Disinfectant-Ounce/dp/B07N7T69KT/ref=sr_1_88?keywords=zep&qid=1665280513&qu=eyJxc2MiOiI1LjcxIiwicXNhIjoiNS41MSIsInFzcCI6IjUuNjcifQ%3D%3D&sr=8-88
"Zep Commercial 1041689 High Traffic Carpet Cleaner, 128 oz Bottle  ",4.3 out of 5 stars,16  ,20.64,https://amazon.com/Commercial-1041689-Traffic-Carpet-Cleaner/dp/B00O25IFCE/ref=sr_1_90?keywords=zep&qid=1665280513&qu=eyJxc2MiOiI1LjcxIiwicXNhIjoiNS41MSIsInFzcCI6IjUuNjcifQ%3D%3D&sr=8-90
Zep Venture II Disinfectant Spray - 20 Ounce (Case of 12) 601 - EPA Approved Virucidal  ,3.8 out of 5 stars,38  ,69.99,https://amazon.com/gp/slredirect/picassoRedirect.html/ref=pa_sp_mtf_aps_sr_pg6_1?ie=UTF8&adId=A00362251A1981SHPGM49&url=%2FZep-Disinfectant-Virucide-Professional-Strength%2Fdp%2FB08CZYZ4TQ%2Fref%3Dsr_1_91_sspa%3Fkeywords%3Dzep%26qid%3D1665280513%26qu%3DeyJxc2MiOiI1LjcxIiwicXNhIjoiNS41MSIsInFzcCI6IjUuNjcifQ%253D%253D%26sr%3D8-91-spons%26psc%3D1&qualifier=1665280513&id=4197035701589937&widgetName=sp_mtf
Zep Formula 50 Heavy-Duty Alkaline Cleaner 1 Gal (Case of 4) 85924  ,4.7 out of 5 stars,26  ,85.35,https://amazon.com/Zep-Formula-Alkaline-Cleaner-85924/dp/B0829D8L74/ref=sr_1_93?keywords=zep&qid=1665280513&qu=eyJxc2MiOiI1LjcxIiwicXNhIjoiNS41MSIsInFzcCI6IjUuNjcifQ%3D%3D&sr=8-93
"KH-7 Heavy Duty Degreaser for Oven, Stove, Grill, Food Surfaces, Vehicles, Clothing & More. 25 oz. (3 Pack)  ",4.2 out of 5 stars,592  ,21.95,https://amazon.com/KH-7-Concentrated-Professional-grade-Effortless-All-Purpose/dp/B0829DLDS9/ref=sr_1_94?keywords=zep&qid=1665280513&qu=eyJxc2MiOiI1LjcxIiwicXNhIjoiNS41MSIsInFzcCI6IjUuNjcifQ%3D%3D&sr=8-94
Zep Cherry Bomb HandCare 48 Ounce (Pack of 2)  ,4.7 out of 5 stars,371  ,32.98,https://amazon.com/Zep-Cherry-Bomb-HandCare-Ounce/dp/B07TZKWMP7/ref=sr_1_95?keywords=zep&qid=1665280513&qu=eyJxc2MiOiI1LjcxIiwicXNhIjoiNS41MSIsInFzcCI6IjUuNjcifQ%3D%3D&sr=8-95
ZEP 48 oz. Orange Heavy-Duty Cleaner  ,5.0 out of 5 stars,1  ,32.49,https://amazon.com/ZEP-oz-Orange-Heavy-Duty-Cleaner/dp/B00KQK062G/ref=sr_1_96?keywords=zep&qid=1665280513&qu=eyJxc2MiOiI1LjcxIiwicXNhIjoiNS41MSIsInFzcCI6IjUuNjcifQ%3D%3D&sr=8-96
18 Pieces Microfiber Cloth Glass Cleaning Cloth Polishing Cloths (16 x 16) Microfiber Cloth for Glasses Reusable Cleaning Cloths for Windows Windshields Mirrors Stainless Steel Product (Blue)  ,4.6 out of 5 stars,59  ,22.99,https://amazon.com/Microfiber-Cleaning-Polishing-Windshields-Stainless/dp/B09T3CYMDT/ref=sr_1_97?keywords=zep&qid=1665280513&qu=eyJxc2MiOiI1LjcxIiwicXNhIjoiNS41MSIsInFzcCI6IjUuNjcifQ%3D%3D&sr=8-97
Zep Instant Hand Sanitizer Gel 70% Alcohol - 1 Gallon (Case of 4) 355825 - Pump Included - Exceeds CDC Recommendations - Kills 99.9% of Germs  ,4.8 out of 5 stars,111  ,90.79,https://amazon.com/Zep-Instant-Sanitizer-Alcohol-Included/dp/B08LHFY8J8/ref=sr_1_98?keywords=zep&qid=1665280513&qu=eyJxc2MiOiI1LjcxIiwicXNhIjoiNS41MSIsInFzcCI6IjUuNjcifQ%3D%3D&sr=8-98
Zep House and Siding Pressure Wash Cleaner - 1 Gallon (Case of 4) ZUVWS128 - Construction Grade Concentrate  ,4.3 out of 5 stars,427  ,39.99,https://amazon.com/Zep-Pressure-Cleaner-Concentrate-ZUVWS128/dp/B07N955P93/ref=sr_1_99?keywords=zep&qid=1665280513&qu=eyJxc2MiOiI1LjcxIiwicXNhIjoiNS41MSIsInFzcCI6IjUuNjcifQ%3D%3D&sr=8-99
2 in 1 Cleaning Brush Tub and Tile Scrubber Brush Sponge with 46'' Extendable Long Lightweight Handle Detachable Stiff Bristles Scrub Brush for Cleaning Bathtub Shower Bathroom  ,4.2 out of 5 stars,"1,319  ",19.99,https://amazon.com/Cleaning-Scrubber-Extendable-Lightweight-Detachable/dp/B0982Q32K7/ref=sr_1_100?keywords=zep&qid=1665280513&qu=eyJxc2MiOiI1LjcxIiwicXNhIjoiNS41MSIsInFzcCI6IjUuNjcifQ%3D%3D&sr=8-100
Zep Acclaim Industrial Antibacterial Hand Soap - 1 Gallon (Case of 4) 314925 - For Business and Home Use  ,4.6 out of 5 stars,88  ,99.99,https://amazon.com/gp/slredirect/picassoRedirect.html/ref=pa_sp_btf_aps_sr_pg6_1?ie=UTF8&adId=A0013578F0LT49BDFF17&url=%2FZep-Acclaim-Antibacterial-Hand-Gallon%2Fdp%2FB08LM5W2PN%2Fref%3Dsr_1_101_sspa%3Fkeywords%3Dzep%26qid%3D1665280513%26qu%3DeyJxc2MiOiI1LjcxIiwicXNhIjoiNS41MSIsInFzcCI6IjUuNjcifQ%253D%253D%26sr%3D8-101-spons%26psc%3D1&qualifier=1665280513&id=4197035701589937&widgetName=sp_btf
"Zep Orange Heavy-Duty Hand Cleaner and Degreaser 48 Ounces ZU099148, 48 oz  ",4.6 out of 5 stars,156  ,19.27,https://amazon.com/gp/slredirect/picassoRedirect.html/ref=pa_sp_btf_aps_sr_pg6_1?ie=UTF8&adId=A03319982IGNFUGRNARB9&url=%2FZEP-Heavy-Duty-Cleaner-Degreaser-ZU099148%2Fdp%2FB00CLVC414%2Fref%3Dsr_1_102_sspa%3Fkeywords%3Dzep%26qid%3D1665280513%26qu%3DeyJxc2MiOiI1LjcxIiwicXNhIjoiNS41MSIsInFzcCI6IjUuNjcifQ%253D%253D%26sr%3D8-102-spons%26psc%3D1%26smid%3DA3I07C5PD33KVE&qualifier=1665280513&id=4197035701589937&widgetName=sp_btf
Zep Spirit II Disinfectant and Sanitizing Towels - 80 Wipes (Case of 6) R53380 - EPA Registered Kills 99.9% of Germs  ,4.2 out of 5 stars,10  ,49.99,https://amazon.com/gp/slredirect/picassoRedirect.html/ref=pa_sp_atf_next_aps_sr_pg7_1?ie=UTF8&adId=A024445821QZGHHICS4WY&url=%2FZep-Disinfectant-Sanitizing-Container-Registered%2Fdp%2FB08QV4S3DH%2Fref%3Dsr_1_97_sspa%3Fkeywords%3Dzep%26qid%3D1665280515%26qu%3DeyJxc2MiOiI1LjcxIiwicXNhIjoiNS41MSIsInFzcCI6IjUuNjcifQ%253D%253D%26sr%3D8-97-spons%26psc%3D1%26smid%3DA5QOENN4ZUGJ1&qualifier=1665280515&id=4661673512012313&widgetName=sp_atf_next
"Zep All Purpose Surface Disinfectant - 1 Gallon (Case of 4) ZUAPBD128 - Virucidal, Fungicidal, Mildewstat, Kills 99.9 Percent of Germs in 60 Seconds  ",4.7 out of 5 stars,47  ,49.99,https://amazon.com/gp/slredirect/picassoRedirect.html/ref=pa_sp_atf_next_aps_sr_pg7_1?ie=UTF8&adId=A0451267HCPHL93JTG32&url=%2FZep-Purpose-Surface-Disinfectant-ZUAPBD128%2Fdp%2FB08J4D7366%2Fref%3Dsr_1_98_sspa%3Fkeywords%3Dzep%26qid%3D1665280515%26qu%3DeyJxc2MiOiI1LjcxIiwicXNhIjoiNS41MSIsInFzcCI6IjUuNjcifQ%253D%253D%26sr%3D8-98-spons%26psc%3D1&qualifier=1665280515&id=4661673512012313&widgetName=sp_atf_next
Zep Shell Shock Walnut-Based Pro Hand Cleaner - 1 Gallon (Case of 4) 84923 - All-Natural Soy-Based Solvent and Degreaser  ,4.8 out of 5 stars,124  ,154.99,https://amazon.com/Zep-Shell-Walnut-Based-Cleaner-Gallon/dp/B07YCRGFZ3/ref=sr_1_100?keywords=zep&qid=1665280515&qu=eyJxc2MiOiI1LjcxIiwicXNhIjoiNS41MSIsInFzcCI6IjUuNjcifQ%3D%3D&sr=8-100
"Zep ZUGDF19 Garba Disp Cleaner, 19 oz  ",4.3 out of 5 stars,71  ,17.4,https://amazon.com/ZEP-ZUGDF19-Garba-Disp-Cleaner/dp/B00G5KIFLK/ref=sr_1_101?keywords=zep&qid=1665280515&qu=eyJxc2MiOiI1LjcxIiwicXNhIjoiNS41MSIsInFzcCI6IjUuNjcifQ%3D%3D&sr=8-101
3 Pack Zep Commercial 32 Oz Citrus Cleaner & Degreaser ZUCIT32  ,,FREE Shipping by Amazon,29.99,https://amazon.com/Zep-Commercial-Cleaner-Degreaser-ZUCIT32/dp/B01MRCZ40G/ref=sr_1_102?keywords=zep&qid=1665280515&qu=eyJxc2MiOiI1LjcxIiwicXNhIjoiNS41MSIsInFzcCI6IjUuNjcifQ%3D%3D&sr=8-102
"Zep ZUSPOT19 Instant Spot and Stain Remover, 19 oz  ",4.6 out of 5 stars,196  ,12.97,https://amazon.com/ZEP-ZUSPOT19-Instant-Stain-Remover/dp/B0042JMOA4/ref=sr_1_103_mod_primary_new?keywords=zep&qid=1665280515&qu=eyJxc2MiOiI1LjcxIiwicXNhIjoiNS41MSIsInFzcCI6IjUuNjcifQ%3D%3D&sbo=RZvfv%2F%2FHxDF%2BO5021pAnSA%3D%3D&sr=8-103
"Clorox ToiletWand Disinfecting Refills, Disposable Wand Heads, blue Original, 30 Count  ",4.6 out of 5 stars,"62,332  ",22.94,https://amazon.com/Clorox-ToiletWand-Disinfecting-Disposable-Wand/dp/B00U2T6SQ4/ref=sr_1_105?keywords=zep&qid=1665280515&qu=eyJxc2MiOiI1LjcxIiwicXNhIjoiNS41MSIsInFzcCI6IjUuNjcifQ%3D%3D&sr=8-105
"Zpe ZUHLF32 Hardwood and Laminate Cleaner, 32 oz Spray Bottle  ",4.4 out of 5 stars,50  ,21.95,https://amazon.com/ZPEZUHLF32-Hardwood-Laminate-Cleaner-Bottle/dp/B00Q2XJB1I/ref=sr_1_106?keywords=zep&qid=1665280515&qu=eyJxc2MiOiI1LjcxIiwicXNhIjoiNS41MSIsInFzcCI6IjUuNjcifQ%3D%3D&sr=8-106
Zep Venture II Disinfectant Spray - 20 Ounce (Case of 12) 601 - EPA Approved Virucidal  ,3.8 out of 5 stars,38  ,69.99,https://amazon.com/gp/slredirect/picassoRedirect.html/ref=pa_sp_mtf_aps_sr_pg7_1?ie=UTF8&adId=A00362251A1981SHPGM49&url=%2FZep-Disinfectant-Virucide-Professional-Strength%2Fdp%2FB08CZYZ4TQ%2Fref%3Dsr_1_107_sspa%3Fkeywords%3Dzep%26qid%3D1665280515%26qu%3DeyJxc2MiOiI1LjcxIiwicXNhIjoiNS41MSIsInFzcCI6IjUuNjcifQ%253D%253D%26sr%3D8-107-spons%26psc%3D1&qualifier=1665280515&id=4661673512012313&widgetName=sp_mtf
"Zep, 32 oz Hardwood and Laminate Floor Refinisher 32 Ounce ZUHFR32  ",4.5 out of 5 stars,115  ,21.9,https://amazon.com/Hardwood-Laminate-Floor-Refinisher-ZUHFR32/dp/B00FY8LXTK/ref=sr_1_111?keywords=zep&qid=1665280515&qu=eyJxc2MiOiI1LjcxIiwicXNhIjoiNS41MSIsInFzcCI6IjUuNjcifQ%3D%3D&sr=8-111
"Zep Professional Heavy-Duty Powdered Concrete Cleaner, 40Lb. Bucket, Biodegradable, Dissolves Quickly and Removes Tough, Embedded Soils (R02934), Orange  ",4.4 out of 5 stars,95  ,99.99,https://amazon.com/Zep-Professional-Heavy-Duty-Biodegradable-R02934/dp/B007J6GBX8/ref=sr_1_113?keywords=zep&qid=1665280515&qu=eyJxc2MiOiI1LjcxIiwicXNhIjoiNS41MSIsInFzcCI6IjUuNjcifQ%3D%3D&sr=8-113
Zep Ammonia Free Glass Cleaner Concentrate 1 Gallon (Case of 4) ZU1052 - Commercial Strength  ,4.6 out of 5 stars,219  ,42.99,https://amazon.com/Zep-Ammonia-Cleaner-Concentrate-ZU1052/dp/B07T4K3TNX/ref=sr_1_114?keywords=zep&qid=1665280515&qu=eyJxc2MiOiI1LjcxIiwicXNhIjoiNS41MSIsInFzcCI6IjUuNjcifQ%3D%3D&sr=8-114
Zep Quick Clean Disinfectant- 1 Gallon (Case of 2) ZUQCD128 - Kills 99.9% of Bacteria in 5 Seconds  ,4.5 out of 5 stars,124  ,34.99,https://amazon.com/ZEP-Quick-Disinfectant-Ounces-ZUQCD128/dp/B079ZLML8B/ref=sr_1_115?keywords=zep&qid=1665280515&qu=eyJxc2MiOiI1LjcxIiwicXNhIjoiNS41MSIsInFzcCI6IjUuNjcifQ%3D%3D&sr=8-115
"Zep Freshen Surface Disinfectant Spray 15.5 ounce(Case of 12) EPA Registered Virucidal, Fungicidal and Tuberculocial (1050017)  ",4.6 out of 5 stars,698  ,44.95,https://amazon.com/Disinfectant-Registered-Virucidal-Fungicidal-Tuberculocial/dp/B08GQ9ND1M/ref=sr_1_116?keywords=zep&qid=1665280515&qu=eyJxc2MiOiI1LjcxIiwicXNhIjoiNS41MSIsInFzcCI6IjUuNjcifQ%3D%3D&sr=8-116
Zep Acclaim Industrial Antibacterial Hand Soap - 1 Gallon (Case of 4) 314925 - For Business and Home Use  ,4.6 out of 5 stars,88  ,99.99,https://amazon.com/gp/slredirect/picassoRedirect.html/ref=pa_sp_btf_aps_sr_pg7_1?ie=UTF8&adId=A0013578F0LT49BDFF17&url=%2FZep-Acclaim-Antibacterial-Hand-Gallon%2Fdp%2FB08LM5W2PN%2Fref%3Dsr_1_117_sspa%3Fkeywords%3Dzep%26qid%3D1665280515%26qu%3DeyJxc2MiOiI1LjcxIiwicXNhIjoiNS41MSIsInFzcCI6IjUuNjcifQ%253D%253D%26sr%3D8-117-spons%26psc%3D1&qualifier=1665280515&id=4661673512012313&widgetName=sp_btf
"Zep Orange Heavy-Duty Hand Cleaner and Degreaser 48 Ounces ZU099148, 48 oz  ",4.6 out of 5 stars,156  ,19.27,https://amazon.com/gp/slredirect/picassoRedirect.html/ref=pa_sp_btf_aps_sr_pg7_1?ie=UTF8&adId=A03319982IGNFUGRNARB9&url=%2FZEP-Heavy-Duty-Cleaner-Degreaser-ZU099148%2Fdp%2FB00CLVC414%2Fref%3Dsr_1_118_sspa%3Fkeywords%3Dzep%26qid%3D1665280515%26qu%3DeyJxc2MiOiI1LjcxIiwicXNhIjoiNS41MSIsInFzcCI6IjUuNjcifQ%253D%253D%26sr%3D8-118-spons%26psc%3D1%26smid%3DA3I07C5PD33KVE&qualifier=1665280515&id=4661673512012313&widgetName=sp_btf
Zep Spirit II Disinfectant and Sanitizing Towels - 80 Wipes (Case of 6) R53380 - EPA Registered Kills 99.9% of Germs  ,4.2 out of 5 stars,10  ,49.99,https://amazon.com/gp/slredirect/picassoRedirect.html/ref=pa_sp_atf_next_aps_sr_pg8_1?ie=UTF8&adId=A024445821QZGHHICS4WY&url=%2FZep-Disinfectant-Sanitizing-Container-Registered%2Fdp%2FB08QV4S3DH%2Fref%3Dsr_1_113_sspa%3Fkeywords%3Dzep%26qid%3D1665280517%26qu%3DeyJxc2MiOiI1LjcxIiwicXNhIjoiNS41MSIsInFzcCI6IjUuNjcifQ%253D%253D%26sr%3D8-113-spons%26psc%3D1%26smid%3DA5QOENN4ZUGJ1&qualifier=1665280518&id=8654361692091566&widgetName=sp_atf_next
"EVERSPROUT 1.5-to-3 Foot Swivel Squeegee and Microfiber Window Scrubber (8-10 Ft Standing Reach) | 2-in-1 Window & Glass Cleaning Combo | Lightweight, Aluminum Extension Pole | Includes 10-inch Blades  ",4.4 out of 5 stars,"2,410  ",27.99,https://amazon.com/gp/slredirect/picassoRedirect.html/ref=pa_sp_atf_next_aps_sr_pg8_1?ie=UTF8&adId=A10092671K1TXP2V9SO7C&url=%2FEVERSPROUT-Squeegee-Microfiber-Lightweight-Extension%2Fdp%2FB07WNXYTDW%2Fref%3Dsr_1_114_sspa%3Fkeywords%3Dzep%26qid%3D1665280517%26qu%3DeyJxc2MiOiI1LjcxIiwicXNhIjoiNS41MSIsInFzcCI6IjUuNjcifQ%253D%253D%26sr%3D8-114-spons%26psc%3D1&qualifier=1665280518&id=8654361692091566&widgetName=sp_atf_next
"Zep Hardwood & Laminate Floor Cleaner, Brown, 128 fl oz (Pack of 4) (ZUHLF128CT)  ",4.7 out of 5 stars,196  ,36.41,https://amazon.com/ZEP-Hardwood-Laminate-Cleaner-ZUHLF128/dp/B079RH3QWT/ref=sr_1_115?keywords=zep&qid=1665280517&qu=eyJxc2MiOiI1LjcxIiwicXNhIjoiNS41MSIsInFzcCI6IjUuNjcifQ%3D%3D&sr=8-115
"Zep High Traffic Floor Polish - 1 Gallon (Case of 4) ZUHTFF128 - Pro Formula, Long Lasting Shine  ",4.6 out of 5 stars,167  ,64.99,https://amazon.com/Zep-Traffic-Floor-Polish-ZUHTFF128/dp/B07NSC1QJ8/ref=sr_1_116?keywords=zep&qid=1665280517&qu=eyJxc2MiOiI1LjcxIiwicXNhIjoiNS41MSIsInFzcCI6IjUuNjcifQ%3D%3D&sr=8-116
"Zep Heavy-Duty TKO Hand Cleaner - 1 Gallon (Case of 4) R54824 - No Pump, Refill Only - The GO-to Industrial Hand Cleaner for Pros That Actually Works!  ",4.5 out of 5 stars,8  ,157.5,https://amazon.com/Zep-Heavy-Duty-TKO-Hand-Cleaner/dp/B07K7VRXLQ/ref=sr_1_117?keywords=zep&qid=1665280517&qu=eyJxc2MiOiI1LjcxIiwicXNhIjoiNS41MSIsInFzcCI6IjUuNjcifQ%3D%3D&sr=8-117
"Zep Commercial 1046806 Citrus Cleaner and Degreaser, Citrus Scent, 1 gal Capacity Bottle  ",4.6 out of 5 stars,193  ,20.6,https://amazon.com/Zep-Commercial-1046806-Degreaser-Capacity/dp/B06XYNTXM2/ref=sr_1_118?keywords=zep&qid=1665280517&qu=eyJxc2MiOiI1LjcxIiwicXNhIjoiNS41MSIsInFzcCI6IjUuNjcifQ%3D%3D&sr=8-118
"Clorox ToiletWand Disposable Toilet Cleaning System - ToiletWand, Storage Caddy and 6 Disinfecting ToiletWand Refill Heads (Packaging May Vary) (03191)  ",4.7 out of 5 stars,"52,540  ",10.94,https://amazon.com/Clorox-ToiletWand-Disposable-Toilet-Cleaning/dp/B0010B5EQS/ref=sr_1_119?keywords=zep&qid=1665280517&qu=eyJxc2MiOiI1LjcxIiwicXNhIjoiNS41MSIsInFzcCI6IjUuNjcifQ%3D%3D&sr=8-119
"Zep Stainless Steel Spray Cleaner - Aerosol - 14 oz (1.19 lb) - Chrome, Black  ",4.3 out of 5 stars,141  ,25.45,https://amazon.com/Zep-Stainless-Steel-Spray-Cleaner/dp/B00PUYOWG4/ref=sr_1_120?keywords=zep&qid=1665280517&qu=eyJxc2MiOiI1LjcxIiwicXNhIjoiNS41MSIsInFzcCI6IjUuNjcifQ%3D%3D&sr=8-120
ZEP LEATHR CLNR/CND 24OZ by ZEP MfrPartNo ZUCLC24  ,4.6 out of 5 stars,85  ,15.75,https://amazon.com/LEATHR-CLNR-24OZ-MfrPartNo-ZUCLC24/dp/B00BGBT1V6/ref=sr_1_122?keywords=zep&qid=1665280517&qu=eyJxc2MiOiI1LjcxIiwicXNhIjoiNS41MSIsInFzcCI6IjUuNjcifQ%3D%3D&sr=8-122
"Zep All Purpose Surface Disinfectant - 1 Gallon (Case of 4) ZUAPBD128 - Virucidal, Fungicidal, Mildewstat, Kills 99.9 Percent of Germs in 60 Seconds  ",4.7 out of 5 stars,47  ,49.99,https://amazon.com/gp/slredirect/picassoRedirect.html/ref=pa_sp_mtf_aps_sr_pg8_1?ie=UTF8&adId=A0451267HCPHL93JTG32&url=%2FZep-Purpose-Surface-Disinfectant-ZUAPBD128%2Fdp%2FB08J4D7366%2Fref%3Dsr_1_123_sspa%3Fkeywords%3Dzep%26qid%3D1665280517%26qu%3DeyJxc2MiOiI1LjcxIiwicXNhIjoiNS41MSIsInFzcCI6IjUuNjcifQ%253D%253D%26sr%3D8-123-spons%26psc%3D1&qualifier=1665280518&id=8654361692091566&widgetName=sp_mtf
Zep Venture II Disinfectant Spray - 20 Ounce (Case of 12) 601 - EPA Approved Virucidal  ,3.8 out of 5 stars,38  ,69.99,https://amazon.com/gp/slredirect/picassoRedirect.html/ref=pa_sp_mtf_aps_sr_pg8_1?ie=UTF8&adId=A00362251A1981SHPGM49&url=%2FZep-Disinfectant-Virucide-Professional-Strength%2Fdp%2FB08CZYZ4TQ%2Fref%3Dsr_1_124_sspa%3Fkeywords%3Dzep%26qid%3D1665280517%26qu%3DeyJxc2MiOiI1LjcxIiwicXNhIjoiNS41MSIsInFzcCI6IjUuNjcifQ%253D%253D%26sr%3D8-124-spons%26psc%3D1&qualifier=1665280518&id=8654361692091566&widgetName=sp_mtf
Zep Foaming Wall Cleaner - 18 Ounce (Case of 4) ZUFWC18 - Removes Stains Without Damaging Finishes  ,4.4 out of 5 stars,533  ,24.99,https://amazon.com/Foaming-Wall-Cleaner-Ounce-ZUFWC18/dp/B07DX79815/ref=sr_1_125?keywords=zep&qid=1665280517&qu=eyJxc2MiOiI1LjcxIiwicXNhIjoiNS41MSIsInFzcCI6IjUuNjcifQ%3D%3D&sr=8-125
"Zep 40, Non-Streaking Cleaner, 1lb 2oz (18oz) (510g)  ",4.7 out of 5 stars,138  ,18.5,https://amazon.com/Zep-40-Non-Streaking-Cleaner-18oz/dp/B00195S7IW/ref=sr_1_126?keywords=zep&qid=1665280517&qu=eyJxc2MiOiI1LjcxIiwicXNhIjoiNS41MSIsInFzcCI6IjUuNjcifQ%3D%3D&sr=8-126
"Fresh Wave IAQ Commercial Smoke Away Air & Fabric Spray, 32 Fl. Oz. | Great for Strong Odors | Safer Natural Ingredients | Odor Eliminator for Home or Large Commercial Areas  ",4.3 out of 5 stars,375  ,20.99,https://amazon.com/Fresh-Wave-IAQ-Commercial-Sprayer/dp/B07Y8VYVLB/ref=sr_1_127?keywords=zep&qid=1665280517&qu=eyJxc2MiOiI1LjcxIiwicXNhIjoiNS41MSIsInFzcCI6IjUuNjcifQ%3D%3D&sr=8-127
Zep D-4000 Hand Soap Dispenser - Pack of 1 - Industrial Durability  ,4.7 out of 5 stars,423  ,34.65,https://amazon.com/ZEP-D-4000-Hand-SOAP-Dispenser/dp/B000U5Y0GU/ref=sr_1_128?keywords=zep&qid=1665280517&qu=eyJxc2MiOiI1LjcxIiwicXNhIjoiNS41MSIsInFzcCI6IjUuNjcifQ%3D%3D&sr=8-128
"Scott Shop Towels Original (75190), Blue, Pop-Up Dispenser Box, 200 Towels/Box, 8 Boxes/Case, 1,600 Towels/Case  ",4.6 out of 5 stars,461  ,103.75,https://amazon.com/Towels-Original-Pop-Up-Dispenser-Sheets/dp/B008CGX4AW/ref=sr_1_129?keywords=zep&qid=1665280517&qu=eyJxc2MiOiI1LjcxIiwicXNhIjoiNS41MSIsInFzcCI6IjUuNjcifQ%3D%3D&sr=8-129
"Green Gobbler Drain Clog Dissolver, Drain Opener-Cleaner ,Toilet Clog Remover, 31 oz  ",4.2 out of 5 stars,"73,520  ",11.84,https://amazon.com/Green-Gobbler-Drain-Clog-Dissolver/dp/B0182VBOJE/ref=sr_1_130?keywords=zep&qid=1665280517&qu=eyJxc2MiOiI1LjcxIiwicXNhIjoiNS41MSIsInFzcCI6IjUuNjcifQ%3D%3D&sr=8-130
"Zep Clog Attack Hair, Buildup, and Grease Remover Gel - 1 Gallon (Case of 4) ZUCA128 - Zep's Strongest General Drain Opener  ",4.4 out of 5 stars,39  ,54.99,https://amazon.com/Zep-Buildup-Remover-ZUCA128-Strongest/dp/B08S49G6RR/ref=sr_1_132?keywords=zep&qid=1665280517&qu=eyJxc2MiOiI1LjcxIiwicXNhIjoiNS41MSIsInFzcCI6IjUuNjcifQ%3D%3D&sr=8-132
"Electric Spin Scrubber - Cordless Power Scrubber Cleaning Brush - Shower Scrubber for Cleaning Scrub Brush for Bathroom,Tub,Floor,Sink,Tile,Grout,Window,Kitchen Stove Cooker, Household Cleaning Tools  ",5.0 out of 5 stars,4  ,39.99,https://amazon.com/gp/slredirect/picassoRedirect.html/ref=pa_sp_btf_aps_sr_pg8_1?ie=UTF8&adId=A00094503G3FKBKR9SEDX&url=%2FElectric-Spin-Scrubber-Cordless-Household%2Fdp%2FB0B9MW1NXZ%2Fref%3Dsr_1_133_sspa%3Fkeywords%3Dzep%26qid%3D1665280517%26qu%3DeyJxc2MiOiI1LjcxIiwicXNhIjoiNS41MSIsInFzcCI6IjUuNjcifQ%253D%253D%26sr%3D8-133-spons%26psc%3D1&qualifier=1665280518&id=8654361692091566&widgetName=sp_btf
Zep Spirit II Disinfectant and Sanitizing Towels - 80 Wipes (Case of 6) R53380 - EPA Registered Kills 99.9% of Germs  ,4.2 out of 5 stars,10  ,49.99,https://amazon.com/gp/slredirect/picassoRedirect.html/ref=pa_sp_atf_next_aps_sr_pg9_1?ie=UTF8&adId=A024445821QZGHHICS4WY&url=%2FZep-Disinfectant-Sanitizing-Container-Registered%2Fdp%2FB08QV4S3DH%2Fref%3Dsr_1_129_sspa%3Fkeywords%3Dzep%26qid%3D1665280520%26qu%3DeyJxc2MiOiI1LjcxIiwicXNhIjoiNS41MSIsInFzcCI6IjUuNjcifQ%253D%253D%26sr%3D8-129-spons%26psc%3D1%26smid%3DA5QOENN4ZUGJ1&qualifier=1665280520&id=3444866580228252&widgetName=sp_atf_next
"Zep All Purpose Surface Disinfectant - 1 Gallon (Case of 4) ZUAPBD128 - Virucidal, Fungicidal, Mildewstat, Kills 99.9 Percent of Germs in 60 Seconds  ",4.7 out of 5 stars,47  ,49.99,https://amazon.com/gp/slredirect/picassoRedirect.html/ref=pa_sp_atf_next_aps_sr_pg9_1?ie=UTF8&adId=A0451267HCPHL93JTG32&url=%2FZep-Purpose-Surface-Disinfectant-ZUAPBD128%2Fdp%2FB08J4D7366%2Fref%3Dsr_1_130_sspa%3Fkeywords%3Dzep%26qid%3D1665280520%26qu%3DeyJxc2MiOiI1LjcxIiwicXNhIjoiNS41MSIsInFzcCI6IjUuNjcifQ%253D%253D%26sr%3D8-130-spons%26psc%3D1&qualifier=1665280520&id=3444866580228252&widgetName=sp_atf_next
Zep Hand Sanitizer Spray - 32 Ounce (Case of 12) 90001 - Ready-to-Use Spray - Made in USA - CDC Compliant  ,3.9 out of 5 stars,37  ,78.99,https://amazon.com/Zep-Hand-Sanitizer-Spray-Ready/dp/B088KN6PZ8/ref=sr_1_131?keywords=zep&qid=1665280520&qu=eyJxc2MiOiI1LjcxIiwicXNhIjoiNS41MSIsInFzcCI6IjUuNjcifQ%3D%3D&sr=8-131
Enforcer ZUCAL32 32-Ounce Zep Calcium Lime and Rust Remover  ,3.9 out of 5 stars,123  ,10.99,https://amazon.com/Enforcer-ZUCAL32-32-Ounce-Zep-Calcium/dp/B002RPVW80/ref=sr_1_132?keywords=zep&qid=1665280520&qu=eyJxc2MiOiI1LjcxIiwicXNhIjoiNS41MSIsInFzcCI6IjUuNjcifQ%3D%3D&sr=8-132
"Zep 1041435 Streak-Free Glass Cleaner, Pleasant Scent, 32 Oz Spray Bottle  ",4.4 out of 5 stars,53  ,11.53,https://amazon.com/Commercial-ZU112032-Streak-Free-Glass-Cleaner/dp/B01M5JPWWA/ref=sr_1_133?keywords=zep&qid=1665280520&qu=eyJxc2MiOiI1LjcxIiwicXNhIjoiNS41MSIsInFzcCI6IjUuNjcifQ%3D%3D&sr=8-133
Selig Commercial HDPRO36 32 Oz Professional Sprayer  ,4.7 out of 5 stars,17  ,47.34,https://amazon.com/Selig-Commercial-HDPRO36-Professional-Sprayer/dp/B06XWWXK2W/ref=sr_1_134?keywords=zep&qid=1665280520&qu=eyJxc2MiOiI1LjcxIiwicXNhIjoiNS41MSIsInFzcCI6IjUuNjcifQ%3D%3D&sr=8-134
Zep Original Orange Hand Cleaner 1 Gallon 99124 (Case of 4)  ,4.1 out of 5 stars,18  ,119.99,https://amazon.com/Zep-1041525-99124-4PK-Hand-Cleaner/dp/B07MWLYBL4/ref=sr_1_136?keywords=zep&qid=1665280520&qu=eyJxc2MiOiI1LjcxIiwicXNhIjoiNS41MSIsInFzcCI6IjUuNjcifQ%3D%3D&sr=8-136
Zep Septic Tank Treatment 2 Pk  ,4.2 out of 5 stars,92  ,17.99,https://amazon.com/Zep-Septic-Tank-Treatment-Pk/dp/B00GRTRRTK/ref=sr_1_137?keywords=zep&qid=1665280520&qu=eyJxc2MiOiI1LjcxIiwicXNhIjoiNS41MSIsInFzcCI6IjUuNjcifQ%3D%3D&sr=8-137
Zep Venture II Disinfectant Spray - 20 Ounce (Case of 12) 601 - EPA Approved Virucidal  ,3.8 out of 5 stars,38  ,69.99,https://amazon.com/gp/slredirect/picassoRedirect.html/ref=pa_sp_mtf_aps_sr_pg9_1?ie=UTF8&adId=A00362251A1981SHPGM49&url=%2FZep-Disinfectant-Virucide-Professional-Strength%2Fdp%2FB08CZYZ4TQ%2Fref%3Dsr_1_139_sspa%3Fkeywords%3Dzep%26qid%3D1665280520%26qu%3DeyJxc2MiOiI1LjcxIiwicXNhIjoiNS41MSIsInFzcCI6IjUuNjcifQ%253D%253D%26sr%3D8-139-spons%26psc%3D1&qualifier=1665280520&id=3444866580228252&widgetName=sp_mtf
Zep Commercial ZLDC648 64 Oz Drain Care  ,4.3 out of 5 stars,60  ,22.49,https://amazon.com/Zep-Commercial-ZLDC648-Drain-Care/dp/B00FNCRJMW/ref=sr_1_141?keywords=zep&qid=1665280520&qu=eyJxc2MiOiI1LjcxIiwicXNhIjoiNS41MSIsInFzcCI6IjUuNjcifQ%3D%3D&sr=8-141
"Zep Professional 1041398EA Carpet Extraction Cleaner, Lemongrass, 1 gal Bottle (AMRR00624)  ",4.5 out of 5 stars,53  ,25.18,https://amazon.com/Zep-Professional-1041398EA-Extraction-Lemongrass/dp/B00KTHFAW2/ref=sr_1_142?keywords=zep&qid=1665280520&qu=eyJxc2MiOiI1LjcxIiwicXNhIjoiNS41MSIsInFzcCI6IjUuNjcifQ%3D%3D&sr=8-142
"Zep Inc Ldc-64 Liq Build-Up Remover + 26"" Mini Snake Drain Opener + 1 Pack Latex Free Premium Comfort Gloves  ",4.0 out of 5 stars,4  ,28.65,https://amazon.com/Ldc-64-Build-Up-Remover-Premium-Comfort/dp/B07GMBKY9Q/ref=sr_1_144?keywords=zep&qid=1665280520&qu=eyJxc2MiOiI1LjcxIiwicXNhIjoiNS41MSIsInFzcCI6IjUuNjcifQ%3D%3D&sr=8-144
"Zep Neutral Floor Cleaner Concentrate, Blue  ",4.6 out of 5 stars,11  ,29.99,https://amazon.com/Zep-Neutral-Floor-Cleaner-Concentrate/dp/B077NTBGBZ/ref=sr_1_145?keywords=zep&qid=1665280520&qu=eyJxc2MiOiI1LjcxIiwicXNhIjoiNS41MSIsInFzcCI6IjUuNjcifQ%3D%3D&sr=8-145
ZEP INC 128OZ House/Siding Wash  ,4.6 out of 5 stars,30  ,11.97,https://amazon.com/ZEP-Siding-Pressure-Cleaner-ZUVWS128/dp/B00G5KHWZA/ref=sr_1_146?keywords=zep&qid=1665280520&qu=eyJxc2MiOiI1LjcxIiwicXNhIjoiNS41MSIsInFzcCI6IjUuNjcifQ%3D%3D&sr=8-146
Zep Urine Remover 128 Ounces (Case of 4) Targets and Eliminates Urine Odors and Stains  ,4.6 out of 5 stars,28  ,56.99,https://amazon.com/Zep-Remover-Ounces-Targets-Eliminates/dp/B09B2TZNPF/ref=sr_1_147?keywords=zep&qid=1665280520&qu=eyJxc2MiOiI1LjcxIiwicXNhIjoiNS41MSIsInFzcCI6IjUuNjcifQ%3D%3D&sr=8-147
Zep Acclaim Industrial Antibacterial Hand Soap - 1 Gallon (Case of 4) 314925 - For Business and Home Use  ,4.6 out of 5 stars,88  ,99.99,https://amazon.com/gp/slredirect/picassoRedirect.html/ref=pa_sp_btf_aps_sr_pg9_1?ie=UTF8&adId=A0013578F0LT49BDFF17&url=%2FZep-Acclaim-Antibacterial-Hand-Gallon%2Fdp%2FB08LM5W2PN%2Fref%3Dsr_1_149_sspa%3Fkeywords%3Dzep%26qid%3D1665280520%26qu%3DeyJxc2MiOiI1LjcxIiwicXNhIjoiNS41MSIsInFzcCI6IjUuNjcifQ%253D%253D%26sr%3D8-149-spons%26psc%3D1&qualifier=1665280520&id=3444866580228252&widgetName=sp_btf
